 11-Oct-16 12:00:00 AM +00:00,500, CHASE EPAY ONUS 2806537321 WEB ID: 5760039224
 11-Oct-16 12:00:00 AM +00:00,1487.59, Chase Credit Card Payment *2087
 11-Oct-16 12:00:00 AM +00:00,-1907.16, Deposit #12631
 07-Oct-16 12:00:00 AM +00:00,12.19, CULINART @ PRATT INS
 07-Oct-16 12:00:00 AM +00:00,-128.65, PRATT INSTITUTE PAYROLL
 06-Oct-16 12:00:00 AM +00:00,8.95, DUNKIN #352504 Q35
 05-Oct-16 12:00:00 AM +00:00,8.5, FARMERS GROCERY MARKET
 04-Oct-16 12:00:00 AM +00:00,14.84, Key Food Stores Co-op
 04-Oct-16 12:00:00 AM +00:00,13.9, Connecticut Muffi
 03-Oct-16 12:00:00 AM +00:00,100, Chase Credit Card Payment *2087
 03-Oct-16 12:00:00 AM +00:00,56.99, Dominos
 03-Oct-16 12:00:00 AM +00:00,62.3, Key Food Stores Co-op
 03-Oct-16 12:00:00 AM +00:00,36.17, LIQUORS
 03-Oct-16 12:00:00 AM +00:00,6.52, Walgreens
 03-Oct-16 12:00:00 AM +00:00,9.45, Lyft
 03-Oct-16 12:00:00 AM +00:00,5.44, Empire Tobacco
 03-Oct-16 12:00:00 AM +00:00,-322, ATM CHECK DEPOSIT 10/01 402 MYRTLE AVE
 03-Oct-16 12:00:00 AM +00:00,-100, TRANSFER FROM CHK XXXXX5727
 30-Sep-16 12:00:00 AM +00:00,8.41, Lyft
 29-Sep-16 12:00:00 AM +00:00,10.89, Empire Tobacco
 28-Sep-16 12:00:00 AM +00:00,21.99, FARMERS GROCERY MARKET
 26-Sep-16 12:00:00 AM +00:00,2.5, NON-CHASE ATM FEE-WITH
 26-Sep-16 12:00:00 AM +00:00,100, Chase Credit Card Payment *2087
 26-Sep-16 12:00:00 AM +00:00,41.75, NON-CHASE ATM WITHDRAW 007199 09/25521 MYRTL
 26-Sep-16 12:00:00 AM +00:00,31, NYC LPEP TAXI LONG ISLAND C
 26-Sep-16 12:00:00 AM +00:00,5, FARMERS GROCERY MARKET
 26-Sep-16 12:00:00 AM +00:00,13.3, New York City Taxi
 26-Sep-16 12:00:00 AM +00:00,17.96, Corkscrew Wines Brooklyn
 26-Sep-16 12:00:00 AM +00:00,19.6, Empire Tobacco
 26-Sep-16 12:00:00 AM +00:00,11.99, STOP 1 DELI GOURMET CO
 26-Sep-16 12:00:00 AM +00:00,-150, ATM CASH DEPOSIT 09/24 15 VANDERBILT AVE
 23-Sep-16 12:00:00 AM +00:00,12.39, Urban Market of Williamsburg
 23-Sep-16 12:00:00 AM +00:00,50, Chase Credit Card Payment *2087
 23-Sep-16 12:00:00 AM +00:00,6.78, DUNKIN #352504 Q35
 23-Sep-16 12:00:00 AM +00:00,6, FARMERS GROCERY MARKET
 23-Sep-16 12:00:00 AM +00:00,-101.65, PRATT INSTITUTE PAYROLL
 21-Sep-16 12:00:00 AM +00:00,300, Chase Credit Card Payment *2087
 21-Sep-16 12:00:00 AM +00:00,4.54, KHIMS MILLENIUM VIII
 21-Sep-16 12:00:00 AM +00:00,11.43, Choice Market
 21-Sep-16 12:00:00 AM +00:00,70, Venmo
 20-Sep-16 12:00:00 AM +00:00,-188.12, Venmo
 19-Sep-16 12:00:00 AM +00:00,2.5, NON-CHASE ATM FEE-WITH
 19-Sep-16 12:00:00 AM +00:00,21.99, NON-CHASE ATM WITHDRAW 907430 09/19536 MYRTL
 19-Sep-16 12:00:00 AM +00:00,11.85, Clinton Park Cafe
 19-Sep-16 12:00:00 AM +00:00,16.99, 497 MYRTLE DELI CORP
 19-Sep-16 12:00:00 AM +00:00,100, WPY*Graduating from P
 19-Sep-16 12:00:00 AM +00:00,6.83, KHIMS MILLENIUM VIII
 19-Sep-16 12:00:00 AM +00:00,4.57, CULINART @ PRATT INS
 19-Sep-16 12:00:00 AM +00:00,-200, Chase QuickPay Electronic Transfer 5604313645 from CAROL M BALL
 16-Sep-16 12:00:00 AM +00:00,22.5, MINI MARKET GRAB & GO
 16-Sep-16 12:00:00 AM +00:00,138, ATM SAVINGS TRANSFER 001699 09/16402 MYRTL
 16-Sep-16 12:00:00 AM +00:00,10, Venmo
 16-Sep-16 12:00:00 AM +00:00,-420, ATM CHECK DEPOSIT 09/16 402 MYRTLE AVE
 15-Sep-16 12:00:00 AM +00:00,25, Chase Credit Card Payment *2087
 15-Sep-16 12:00:00 AM +00:00,29.98, AVNGATE*BITDEFENDER.CO
 15-Sep-16 12:00:00 AM +00:00,29.95, AVNGATE*BITDEFENDER.CO
 15-Sep-16 12:00:00 AM +00:00,-2.45, CULINART @ PRATT INS
 15-Sep-16 12:00:00 AM +00:00,-76, ATM CASH DEPOSIT 09/15 402 MYRTLE AVE
 14-Sep-16 12:00:00 AM +00:00,668.47, Chase Credit Card Payment *2087
 14-Sep-16 12:00:00 AM +00:00,2.45, CULINART @ PRATT INS
 14-Sep-16 12:00:00 AM +00:00,-725, Chase QuickPay Electronic Transfer 5593961579 from CAROL M BALL
 13-Sep-16 12:00:00 AM +00:00,1.56, Urban Market of Williamsburg
 13-Sep-16 12:00:00 AM +00:00,2.45, CULINART @ PRATT INS
 12-Sep-16 12:00:00 AM +00:00,7.99, KHIMS MILLENIUM VIII
 12-Sep-16 12:00:00 AM +00:00,200, Chase Credit Card Payment *2087
 12-Sep-16 12:00:00 AM +00:00,9.5, FARMERS GROCERY MARKET
 12-Sep-16 12:00:00 AM +00:00,66.93, Walgreens
 12-Sep-16 12:00:00 AM +00:00,20, ATM WITHDRAWAL 009499 09/10402 MYRTL
 12-Sep-16 12:00:00 AM +00:00,32.31, KHIMS MILLENIUM VIII
 12-Sep-16 12:00:00 AM +00:00,7.29, KHIMS MILLENIUM VIII
 12-Sep-16 12:00:00 AM +00:00,-231, ATM CHECK DEPOSIT 09/10 402 MYRTLE AVE
 09-Sep-16 12:00:00 AM +00:00,5.42, Key Food Stores Co-op
 09-Sep-16 12:00:00 AM +00:00,4.03, iTunes
 09-Sep-16 12:00:00 AM +00:00,-124.15, PRATT INSTITUTE PAYROLL
 07-Sep-16 12:00:00 AM +00:00,6.78, DUNKIN #352504 Q35
 07-Sep-16 12:00:00 AM +00:00,10, Venmo
 06-Sep-16 12:00:00 AM +00:00,140, Chase Credit Card Payment *2087
 06-Sep-16 12:00:00 AM +00:00,14.08, Choice Market
 06-Sep-16 12:00:00 AM +00:00,2.45, CULINART @ PRATT INS
 06-Sep-16 12:00:00 AM +00:00,50, Chase Credit Card Payment *2087
 06-Sep-16 12:00:00 AM +00:00,6, FARMERS GROCERY MARKET
 06-Sep-16 12:00:00 AM +00:00,21.76, LIQUORS
 06-Sep-16 12:00:00 AM +00:00,43.73, Key Food Stores Co-op
 06-Sep-16 12:00:00 AM +00:00,-82.42, Venmo
 06-Sep-16 12:00:00 AM +00:00,-82.5, Venmo
 02-Sep-16 12:00:00 AM +00:00,-100, TRANSFER FROM CHK XXXXX5727
 30-Aug-16 12:00:00 AM +00:00,10.89, Empire Tobacco
 29-Aug-16 12:00:00 AM +00:00,500, Chase Credit Card Payment *2087
 29-Aug-16 12:00:00 AM +00:00,39.2, Corkscrew Wines Brooklyn
 29-Aug-16 12:00:00 AM +00:00,-60, Online Transfer from SAV ...5125
 29-Aug-16 12:00:00 AM +00:00,10.5, FARMERS GROCERY MARKET
 26-Aug-16 12:00:00 AM +00:00,39.98, Key Food Stores Co-op
 26-Aug-16 12:00:00 AM +00:00,7, FARMERS GROCERY MARKET
 26-Aug-16 12:00:00 AM +00:00,-456.04, PRATT INSTITUTE PAYROLL
 25-Aug-16 12:00:00 AM +00:00,2.38, DUNKIN #352504 Q35
 24-Aug-16 12:00:00 AM +00:00,5.17, KHIMS MILLENIUM VIII
 23-Aug-16 12:00:00 AM +00:00,10, Venmo
 23-Aug-16 12:00:00 AM +00:00,30.72, Yamashiro
 23-Aug-16 12:00:00 AM +00:00,15.24, Empire Tobacco
 22-Aug-16 12:00:00 AM +00:00,35.93, Corkscrew Wines Brooklyn
 22-Aug-16 12:00:00 AM +00:00,11.08, Lyft
 22-Aug-16 12:00:00 AM +00:00,6.5, FARMERS GROCERY MARKET
 22-Aug-16 12:00:00 AM +00:00,26.67, Corkscrew Wines Brooklyn
 19-Aug-16 12:00:00 AM +00:00,40, ATM WITHDRAWAL 006184 08/19270 BROAD
 19-Aug-16 12:00:00 AM +00:00,23.94, THE MANHATTAN WINE SHO
 19-Aug-16 12:00:00 AM +00:00,-200, Chase QuickPay Electronic Transfer 5536462558 from CAROL M BALL
 18-Aug-16 12:00:00 AM +00:00,36.2, Corkscrew Wines Brooklyn
 17-Aug-16 12:00:00 AM +00:00,94.85, GAP US 770
 17-Aug-16 12:00:00 AM +00:00,20, ATM WITHDRAWAL 000930 08/1726 ASTOR
 17-Aug-16 12:00:00 AM +00:00,10.07, Choice Market
 17-Aug-16 12:00:00 AM +00:00,6.19, Bergen Bagels On Myrtle
 16-Aug-16 12:00:00 AM +00:00,12.05, Stop 1 Deli Gourmet Co
 16-Aug-16 12:00:00 AM +00:00,10.62, Chase Credit Card Payment *2087
 15-Aug-16 12:00:00 AM +00:00,374.82, CHASE EPY MOB US 2736668511 WEB ID: 5760039224
 15-Aug-16 12:00:00 AM +00:00,11.98, Chase Credit Card Payment *2087
 15-Aug-16 12:00:00 AM +00:00,-725, Chase QuickPay Electronic Transfer 5525286017 from CAROL M BALL
 12-Aug-16 12:00:00 AM +00:00,500, Chase Credit Card Payment *2087
 12-Aug-16 12:00:00 AM +00:00,4.03, iTunes
 12-Aug-16 12:00:00 AM +00:00,-60, Online Transfer from SAV ...5125
 12-Aug-16 12:00:00 AM +00:00,-419.59, PRATT INSTITUTE PAYROLL
 11-Aug-16 12:00:00 AM +00:00,7.35, J & J Navy Yard Sub Shoppe
 09-Aug-16 12:00:00 AM +00:00,11.98, Empire Tobacco
 09-Aug-16 12:00:00 AM +00:00,-18.14, Venmo
 08-Aug-16 12:00:00 AM +00:00,310, Chase Credit Card Payment *2087
 08-Aug-16 12:00:00 AM +00:00,8.2, Lyft
 08-Aug-16 12:00:00 AM +00:00,25, Boardwalk Billiards
 08-Aug-16 12:00:00 AM +00:00,7.5, FARMERS GROCERY MARKET
 08-Aug-16 12:00:00 AM +00:00,5, FARMERS GROCERY MARKET
 08-Aug-16 12:00:00 AM +00:00,-60, Online Transfer from SAV ...5125
 08-Aug-16 12:00:00 AM +00:00,-145, ATM CASH DEPOSIT 08/07 402 MYRTLE AVE
 05-Aug-16 12:00:00 AM +00:00,14, Canal General Merchandise Inc
 03-Aug-16 12:00:00 AM +00:00,119.76, Tiffany & Co.
 03-Aug-16 12:00:00 AM +00:00,3.99, REDDIT.COM REDDIT.COM
 03-Aug-16 12:00:00 AM +00:00,5, FARMERS GROCERY MARKET
 03-Aug-16 12:00:00 AM +00:00,28.31, Corkscrew Wines Brooklyn
 01-Aug-16 12:00:00 AM +00:00,9.25, J & J Navy Yard Sub Shoppe
 01-Aug-16 12:00:00 AM +00:00,14.15, Empire Tobacco
 01-Aug-16 12:00:00 AM +00:00,5.5, FARMERS GROCERY MARKET
 01-Aug-16 12:00:00 AM +00:00,-100, TRANSFER FROM CHK XXXXX5727
 29-Jul-16 12:00:00 AM +00:00,-269.63, PRATT INSTITUTE PAYROLL
 28-Jul-16 12:00:00 AM +00:00,11.4, Absolutely Yours
 28-Jul-16 12:00:00 AM +00:00,6.65, Lyft
 26-Jul-16 12:00:00 AM +00:00,2.02, McDonalds
 25-Jul-16 12:00:00 AM +00:00,1.04, Lyft
 25-Jul-16 12:00:00 AM +00:00,6.04, Lyft
 25-Jul-16 12:00:00 AM +00:00,6.72, Lyft
 25-Jul-16 12:00:00 AM +00:00,6.35, Lyft
 25-Jul-16 12:00:00 AM +00:00,5.48, RENAISSANCE HOTELS F/B
 25-Jul-16 12:00:00 AM +00:00,19.91, Buffalo Wild Wings
 25-Jul-16 12:00:00 AM +00:00,10.46, Buffalo Wild Wings
 25-Jul-16 12:00:00 AM +00:00,9.75, Lyft
 25-Jul-16 12:00:00 AM +00:00,52.86, CITY CAB OF ORL
 25-Jul-16 12:00:00 AM +00:00,33.45, LAGUARDIA USA
 25-Jul-16 12:00:00 AM +00:00,21.57, LAGUARDIA USA
 25-Jul-16 12:00:00 AM +00:00,25, PRATT-INST.- PRATT CAR
 25-Jul-16 12:00:00 AM +00:00,50, PRATT-INST.- PRATT CAR
 21-Jul-16 12:00:00 AM +00:00,7.1, 497 MYRTLE DELI CORP
 21-Jul-16 12:00:00 AM +00:00,825, Chase Credit Card Payment *2087
 21-Jul-16 12:00:00 AM +00:00,9.5, FARMERS GROCERY MARKET
 21-Jul-16 12:00:00 AM +00:00,8.32, THE 3 LUIGIS INC
 21-Jul-16 12:00:00 AM +00:00,10.89, Empire Tobacco
 20-Jul-16 12:00:00 AM +00:00,8, Venmo
 20-Jul-16 12:00:00 AM +00:00,20, Venmo
 20-Jul-16 12:00:00 AM +00:00,20, Venmo
 20-Jul-16 12:00:00 AM +00:00,5, FARMERS GROCERY MARKET
 20-Jul-16 12:00:00 AM +00:00,-103.39, Venmo
 20-Jul-16 12:00:00 AM +00:00,-138.14, Venmo
 19-Jul-16 12:00:00 AM +00:00,-200, Chase QuickPay Electronic Transfer 5477529524 from CAROL M BALL
 18-Jul-16 12:00:00 AM +00:00,7.5, FARMERS GROCERY MARKET
 14-Jul-16 12:00:00 AM +00:00,8.79, THE 3 LUIGIS INC
 14-Jul-16 12:00:00 AM +00:00,7.84, Bergen Bagels On Myrtle
 14-Jul-16 12:00:00 AM +00:00,-725, Chase QuickPay Electronic Transfer 5427522072 from CAROL M BALL
 13-Jul-16 12:00:00 AM +00:00,6, Jabran Deli & Grocery
 13-Jul-16 12:00:00 AM +00:00,5.44, Empire Tobacco
 13-Jul-16 12:00:00 AM +00:00,-50, ATM CASH DEPOSIT 07/12 89 E 42ND ST
 12-Jul-16 12:00:00 AM +00:00,11.98, Stop 1 Deli Gourmet Co
 11-Jul-16 12:00:00 AM +00:00,221.36, Chase Credit Card Payment *2087
 11-Jul-16 12:00:00 AM +00:00,-130, Online Transfer from SAV ...5125
 11-Jul-16 12:00:00 AM +00:00,-93, ATM CASH DEPOSIT 07/10 402 MYRTLE AVE
 05-Jul-16 12:00:00 AM +00:00,2.5, NON-CHASE ATM FEE-WITH
 05-Jul-16 12:00:00 AM +00:00,23.5, NON-CHASE ATM WITHDRAW 072763 07/051 State S
 05-Jul-16 12:00:00 AM +00:00,50, Chase Credit Card Payment *2087
 05-Jul-16 12:00:00 AM +00:00,6.5, FARMERS GROCERY MARKET
 05-Jul-16 12:00:00 AM +00:00,18.24, Corkscrew Wines Brooklyn
 01-Jul-16 12:00:00 AM +00:00,200, Chase Credit Card Payment *2087
 01-Jul-16 12:00:00 AM +00:00,-218.03, PRATT INSTITUTE PAYROLL
 01-Jul-16 12:00:00 AM +00:00,-100, TRANSFER FROM CHK XXXXX5727
 30-Jun-16 12:00:00 AM +00:00,25, PRATT-INST.- PRATT CAR
 30-Jun-16 12:00:00 AM +00:00,11.9, KHIMS MILLENIUM VIII
 29-Jun-16 12:00:00 AM +00:00,-5, Online Transfer from SAV ...5125
 28-Jun-16 12:00:00 AM +00:00,2.5, NON-CHASE ATM FEE-WITH
 28-Jun-16 12:00:00 AM +00:00,21.85, NON-CHASE ATM WITHDRAW 009609 06/28328 DEKAL
 27-Jun-16 12:00:00 AM +00:00,13, op 1 Deli Gourmet Corp
 27-Jun-16 12:00:00 AM +00:00,12.27, KHIMS MILLENIUM VIII
 24-Jun-16 12:00:00 AM +00:00,100.01, Key Food Stores Co-op
 23-Jun-16 12:00:00 AM +00:00,23.95, Key Food Stores Co-op
 23-Jun-16 12:00:00 AM +00:00,-200, Chase QuickPay Electronic Transfer 5479706244 from CAROL M BALL
 22-Jun-16 12:00:00 AM +00:00,900, Chase Credit Card Payment *2087
 21-Jun-16 12:00:00 AM +00:00,19.53, Home Depot
 21-Jun-16 12:00:00 AM +00:00,12, KRISHNA GROCERY INC
 21-Jun-16 12:00:00 AM +00:00,15.46, Choice Market
 21-Jun-16 12:00:00 AM +00:00,7.19, Choice Market
 21-Jun-16 12:00:00 AM +00:00,10.97, KHIMS MILLENIUM VIII
 21-Jun-16 12:00:00 AM +00:00,6, FARMERS GROCERY MARKET
 21-Jun-16 12:00:00 AM +00:00,-900, Online Transfer from SAV ...5125
 20-Jun-16 12:00:00 AM +00:00,50, Venmo
 20-Jun-16 12:00:00 AM +00:00,11, New York City Taxi
 20-Jun-16 12:00:00 AM +00:00,49.55, Strand Book Store Inc
 20-Jun-16 12:00:00 AM +00:00,9, Day & Night Gourmet
 20-Jun-16 12:00:00 AM +00:00,6.21, Bergen Bagels On Myrtle
 20-Jun-16 12:00:00 AM +00:00,6.5, FARMERS GROCERY MARKET
 20-Jun-16 12:00:00 AM +00:00,37.56, Corkscrew Wines Brooklyn
 20-Jun-16 12:00:00 AM +00:00,4.88, DUNKIN #352504 Q35
 20-Jun-16 12:00:00 AM +00:00,17.25, New York City Taxi
 17-Jun-16 12:00:00 AM +00:00,7.8, op 1 Deli Gourmet Corp
 17-Jun-16 12:00:00 AM +00:00,6, WINDHORSE GAS STATION
 17-Jun-16 12:00:00 AM +00:00,14.4, Fat Black Pussy Cat
 17-Jun-16 12:00:00 AM +00:00,34.75, New York City Taxi
 17-Jun-16 12:00:00 AM +00:00,-222.33, PRATT INSTITUTE PAYROLL
 15-Jun-16 12:00:00 AM +00:00,-80, Venmo
 14-Jun-16 12:00:00 AM +00:00,25, PRATT-INST.- PRATT CAR
 14-Jun-16 12:00:00 AM +00:00,-33.2, Venmo
 13-Jun-16 12:00:00 AM +00:00,2.5, NON-CHASE ATM FEE-WITH
 13-Jun-16 12:00:00 AM +00:00,12, Online Transfer to SAV ...5125
 13-Jun-16 12:00:00 AM +00:00,63, NON-CHASE ATM WITHDRAW 803833 06/11812-814 L
 13-Jun-16 12:00:00 AM +00:00,-25, Online Transfer from SAV ...5125
 08-Jun-16 12:00:00 AM +00:00,50, PRATT-INST.- PRATT CAR
 08-Jun-16 12:00:00 AM +00:00,-50, Venmo
 08-Jun-16 12:00:00 AM +00:00,8.3, UBER *JUN07 US V7WC
 07-Jun-16 12:00:00 AM +00:00,20, ATM WITHDRAWAL 002185 06/07270 BROAD
 07-Jun-16 12:00:00 AM +00:00,7.76, THE 3 LUIGIS INC
 07-Jun-16 12:00:00 AM +00:00,6.97, Bergen Bagels On Myrtle
 06-Jun-16 12:00:00 AM +00:00,54.97, Key Food Stores Co-op
 06-Jun-16 12:00:00 AM +00:00,14.42, Bedford Street Diner
 06-Jun-16 12:00:00 AM +00:00,4.03, iTunes
 06-Jun-16 12:00:00 AM +00:00,35.54, Walmart
 06-Jun-16 12:00:00 AM +00:00,16.32, Orems Diner
 06-Jun-16 12:00:00 AM +00:00,5.3, DUNKIN #308421 Q35
 03-Jun-16 12:00:00 AM +00:00,1.43, Walmart
 03-Jun-16 12:00:00 AM +00:00,7.52, Key Food Stores Co-op
 03-Jun-16 12:00:00 AM +00:00,90, Online Transfer to SAV ...5125
 03-Jun-16 12:00:00 AM +00:00,725, Online Transfer to SAV ...5125
 03-Jun-16 12:00:00 AM +00:00,7.02, CULINART @ PRATT INSTI
 03-Jun-16 12:00:00 AM +00:00,-56.65, PRATT INSTITUTE PAYROLL
 03-Jun-16 12:00:00 AM +00:00,-725, Chase QuickPay Electronic Transfer 5425618271 from CAROL M BALL
 02-Jun-16 12:00:00 AM +00:00,11.36, THE 3 LUIGIS INC
 02-Jun-16 12:00:00 AM +00:00,6.62, DUNKIN #352504 Q35
 01-Jun-16 12:00:00 AM +00:00,2.5, NON-CHASE ATM FEE-WITH
 01-Jun-16 12:00:00 AM +00:00,11.86, Key Food Stores Co-op
 01-Jun-16 12:00:00 AM +00:00,21.75, NON-CHASE ATM WITHDRAW 305909 06/0190 HENRY
 01-Jun-16 12:00:00 AM +00:00,6.8, CULINART @ PRATT INSTI
 01-Jun-16 12:00:00 AM +00:00,-100, TRANSFER FROM CHK XXXXX5727
 31-May-16 12:00:00 AM +00:00,1.62, Key Food Stores Co-op
 31-May-16 12:00:00 AM +00:00,32.46, Key Food Stores Co-op
 31-May-16 12:00:00 AM +00:00,8.68, Home Depot
 31-May-16 12:00:00 AM +00:00,8.32, THE 3 LUIGIS INC
 31-May-16 12:00:00 AM +00:00,32.1, Key Food Stores Co-op
 31-May-16 12:00:00 AM +00:00,7.39, HN-DUNKIN ST211
 31-May-16 12:00:00 AM +00:00,4.55, DUNKIN #352504 Q35
 31-May-16 12:00:00 AM +00:00,8.02, Key Food Stores Co-op
 31-May-16 12:00:00 AM +00:00,30.49, Corkscrew Wines Brooklyn
 31-May-16 12:00:00 AM +00:00,9.25, JOHNS DONUT SHOP CORP
 31-May-16 12:00:00 AM +00:00,25, PRATT-INST.- PRATT CAR
 31-May-16 12:00:00 AM +00:00,6.62, DUNKIN #352504 Q35
 27-May-16 12:00:00 AM +00:00,13.29, MR MELON
 27-May-16 12:00:00 AM +00:00,5.5, P D O HURLEY AT PIER 84
 26-May-16 12:00:00 AM +00:00,4.5, Bergen Bagels On Myrtle
 26-May-16 12:00:00 AM +00:00,4.14, CULINART @ PRATT INSTI
 26-May-16 12:00:00 AM +00:00,6.62, DUNKIN #352504 Q35
 26-May-16 12:00:00 AM +00:00,39.85, PUTNAM?S
 25-May-16 12:00:00 AM +00:00,69.13, Key Food Stores Co-op
 25-May-16 12:00:00 AM +00:00,3.81, CULINART @ PRATT INSTI
 25-May-16 12:00:00 AM +00:00,6.97, Bergen Bagels On Myrtle
 25-May-16 12:00:00 AM +00:00,6.5, Day & Night Gourmet
 24-May-16 12:00:00 AM +00:00,2.23, CITI BIKE PROGRAM
 24-May-16 12:00:00 AM +00:00,4.14, CULINART @ PRATT INSTI
 24-May-16 12:00:00 AM +00:00,39.5, 3007 BROOKLYN DINO
 24-May-16 12:00:00 AM +00:00,10, 3007 BROOKLYN DINO
 23-May-16 12:00:00 AM +00:00,9.99, Dropbox*WZY4KP1L32W3 db.tt/cchelp
 23-May-16 12:00:00 AM +00:00,20, ATM WITHDRAWAL 003948 05/23166 BLEEC
 23-May-16 12:00:00 AM +00:00,40, ATM WITHDRAWAL 009820 05/2326 ASTOR
 23-May-16 12:00:00 AM +00:00,13.15, Clinton Park Cafe
 23-May-16 12:00:00 AM +00:00,4.38, DUNKIN #341051 Q
 23-May-16 12:00:00 AM +00:00,5.75, Irving Farm Coffee Roasters
 23-May-16 12:00:00 AM +00:00,13.02, Absolutely Yours
 23-May-16 12:00:00 AM +00:00,39.2, Corkscrew Wines Brooklyn
 20-May-16 12:00:00 AM +00:00,34.8, Key Food Stores Co-op
 20-May-16 12:00:00 AM +00:00,-128.65, PRATT INSTITUTE PAYROLL
 20-May-16 12:00:00 AM +00:00,-700, Chase QuickPay Electronic Transfer 5406858325 from CAROL M BALL
 18-May-16 12:00:00 AM +00:00,60, U-Haul
 17-May-16 12:00:00 AM +00:00,24.97, Uber
 16-May-16 12:00:00 AM +00:00,10.09, MICROSOFT *OFFICE 3
 16-May-16 12:00:00 AM +00:00,2702.95, Joyland Manageme RESIDENT 53348639 WEB ID: 2273639005
 16-May-16 12:00:00 AM +00:00,15.45, Uber
 16-May-16 12:00:00 AM +00:00,6.5, FARMERS GROCERY MARKET
 16-May-16 12:00:00 AM +00:00,-19, ATM CASH DEPOSIT 05/16 402 MYRTLE AVE
 13-May-16 12:00:00 AM +00:00,-85, Online Transfer from SAV ...5125
 13-May-16 12:00:00 AM +00:00,-700, Chase QuickPay Electronic Transfer 5391570973 from CAROL M BALL
 12-May-16 12:00:00 AM +00:00,5.18, Uber
 12-May-16 12:00:00 AM +00:00,6.42, Uber
 12-May-16 12:00:00 AM +00:00,5.5, Day & Night Gourmet
 12-May-16 12:00:00 AM +00:00,-20, Online Transfer from SAV ...5125
 12-May-16 12:00:00 AM +00:00,-2000, Chase QuickPay Electronic Transfer 5389337660 from CAROL M BALL
 11-May-16 12:00:00 AM +00:00,8, OFFICIAL CHECKS CHARGE
 11-May-16 12:00:00 AM +00:00,450, WITHDRAWAL
 11-May-16 12:00:00 AM +00:00,4.95, CULINART @ PRATT INSTI
 11-May-16 12:00:00 AM +00:00,7.5, FARMERS GROCERY MARKET
 11-May-16 12:00:00 AM +00:00,9, Brooklyn Tap House
 10-May-16 12:00:00 AM +00:00,39.92, Los Pollitos III
 10-May-16 12:00:00 AM +00:00,-450, Chase QuickPay Electronic Transfer 5386341158 from CAROL M BALL
 09-May-16 12:00:00 AM +00:00,8.32, THE THREE LUIGI`S INC.
 09-May-16 12:00:00 AM +00:00,11.48, KHIMS MILLENIUM VIII
 09-May-16 12:00:00 AM +00:00,6, FARMERS GROCERY MARKET
 09-May-16 12:00:00 AM +00:00,12.85, New York City Taxi
 09-May-16 12:00:00 AM +00:00,26.4, Radegast Hall & Biergarten
 09-May-16 12:00:00 AM +00:00,14.15, Empire Tobacco
 09-May-16 12:00:00 AM +00:00,17.42, Heritage Wines
 06-May-16 12:00:00 AM +00:00,-128.65, PRATT INSTITUTE PAYROLL
 04-May-16 12:00:00 AM +00:00,51.75, Apple Art Supplies
 02-May-16 12:00:00 AM +00:00,4.03, iTunes
 02-May-16 12:00:00 AM +00:00,64, PRATT-INST.- PRATT CAR
 02-May-16 12:00:00 AM +00:00,-65, Online Transfer from SAV ...5125
 02-May-16 12:00:00 AM +00:00,-100, TRANSFER FROM CHK XXXXX5727
 29-Apr-16 12:00:00 AM +00:00,14.15, Empire Tobacco
 26-Apr-16 12:00:00 AM +00:00,9.8, Stop 1 Deli
 26-Apr-16 12:00:00 AM +00:00,25, PRATT-INST.- PRATT CAR
 25-Apr-16 12:00:00 AM +00:00,2.5, NON-CHASE ATM FEE-WITH
 25-Apr-16 12:00:00 AM +00:00,9.99, Dropbox*RBD95KS55TT7 db.tt/cchelp
 25-Apr-16 12:00:00 AM +00:00,125, KAPPA SIGMA FRATERNIT
 25-Apr-16 12:00:00 AM +00:00,5, JV Deli and Gro/925 A
 25-Apr-16 12:00:00 AM +00:00,22, NON-CHASE ATM WITHDRAW 174358 04/23561 MYRTL
 25-Apr-16 12:00:00 AM +00:00,-125, Online Transfer from SAV ...5125
 22-Apr-16 12:00:00 AM +00:00,-137.65, PRATT INSTITUTE PAYROLL
 20-Apr-16 12:00:00 AM +00:00,34, Venmo
 20-Apr-16 12:00:00 AM +00:00,15, Venmo
 18-Apr-16 12:00:00 AM +00:00,2, Uber
 15-Apr-16 12:00:00 AM +00:00,10.09, MICROSOFT *OFFICE 3
 11-Apr-16 12:00:00 AM +00:00,6.58, Tg Cigar
 11-Apr-16 12:00:00 AM +00:00,17.96, Corkscrew Wines Brooklyn
 08-Apr-16 12:00:00 AM +00:00,-10, PRATT INSTITUTE PAYROLL
 07-Apr-16 12:00:00 AM +00:00,7.5, FARMERS GROCERY MARKET
 04-Apr-16 12:00:00 AM +00:00,43.35, Uber
 04-Apr-16 12:00:00 AM +00:00,4.52, Key Food Stores Co-op
 04-Apr-16 12:00:00 AM +00:00,15.23, LIQUORS
 04-Apr-16 12:00:00 AM +00:00,21.78, Corkscrew Wines Brooklyn
 04-Apr-16 12:00:00 AM +00:00,6.5, Day & Night Gourmet
 04-Apr-16 12:00:00 AM +00:00,4.03, iTunes
 04-Apr-16 12:00:00 AM +00:00,4.94, KHIMS MILLENIUM VIII
 04-Apr-16 12:00:00 AM +00:00,14.15, Empire Tobacco
 01-Apr-16 12:00:00 AM +00:00,9.59, Absolutely Yours
 01-Apr-16 12:00:00 AM +00:00,-100, TRANSFER FROM CHK XXXXX5727
 30-Mar-16 12:00:00 AM +00:00,10.5, FARMERS GROCERY MARKET
 30-Mar-16 12:00:00 AM +00:00,7, Day & Night Gourmet
 29-Mar-16 12:00:00 AM +00:00,39.74, Heritage Wines
 28-Mar-16 12:00:00 AM +00:00,20.67, Uber
 28-Mar-16 12:00:00 AM +00:00,2.23, CULINART @ PRATT INSTI
 28-Mar-16 12:00:00 AM +00:00,21.04, Choice Market
 28-Mar-16 12:00:00 AM +00:00,27.49, Corkscrew Wines Brooklyn
 25-Mar-16 12:00:00 AM +00:00,6, FARMERS GROCERY MARKET
 25-Mar-16 12:00:00 AM +00:00,-128.65, PRATT INSTITUTE PAYROLL
 23-Mar-16 12:00:00 AM +00:00,9.99, Dropbox*9Z3X5NLBWGM4 db.tt/cchelp
 22-Mar-16 12:00:00 AM +00:00,-41, ATM CASH DEPOSIT 03/22 402 MYRTLE AVE
 17-Mar-16 12:00:00 AM +00:00,11.15, Madison Liquor & Convenience
 16-Mar-16 12:00:00 AM +00:00,10.09, MICROSOFT *OFFICE 3
 15-Mar-16 12:00:00 AM +00:00,130.65, TOKIO SEVEN
 14-Mar-16 12:00:00 AM +00:00,15, Venmo
 14-Mar-16 12:00:00 AM +00:00,40, ATM WITHDRAWAL 002004 03/1426 ASTOR
 14-Mar-16 12:00:00 AM +00:00,3.03, Virginia Oil Co
 14-Mar-16 12:00:00 AM +00:00,12.35, WHITE SPOT CHARLOTTESVIL
 14-Mar-16 12:00:00 AM +00:00,1.53, UPPYS #61 (#23 FREDERICKSBUR
 11-Mar-16 12:00:00 AM +00:00,63.11, QUORS
 11-Mar-16 12:00:00 AM +00:00,7.5, FARMERS GROCERY MARKET
 11-Mar-16 12:00:00 AM +00:00,29.93, Amazon
 11-Mar-16 12:00:00 AM +00:00,-304.03, PRATT INSTITUTE PAYROLL
 10-Mar-16 12:00:00 AM +00:00,15.23, Amazon
 10-Mar-16 12:00:00 AM +00:00,7.5, Day & Night Gourmet
 08-Mar-16 12:00:00 AM +00:00,25, PRATT-INST.- PRATT CAR
 08-Mar-16 12:00:00 AM +00:00,2.23, CULINART @ PRATT INSTI
 07-Mar-16 12:00:00 AM +00:00,17.58, Uber
 07-Mar-16 12:00:00 AM +00:00,10.5, FARMERS GROCERY MARKET
 07-Mar-16 12:00:00 AM +00:00,33.75, Tipsy
 07-Mar-16 12:00:00 AM +00:00,20.96, 200 Fifth
 07-Mar-16 12:00:00 AM +00:00,4.03, iTunes
 07-Mar-16 12:00:00 AM +00:00,4, WPY*Kappa Sigma Endow
 02-Mar-16 12:00:00 AM +00:00,10.89, Stop 1 Deli
 01-Mar-16 12:00:00 AM +00:00,-100, TRANSFER FROM CHK XXXXX5727
 29-Feb-16 12:00:00 AM +00:00,35.43, KHIMS MILLENIUM VIII
 26-Feb-16 12:00:00 AM +00:00,-146.65, PRATT INSTITUTE PAYROLL
 23-Feb-16 12:00:00 AM +00:00,9.99, Dropbox*LQLYY9T3TM4L db.tt/cchelp
 23-Feb-16 12:00:00 AM +00:00,25, PRATT-INST.- PRATT CAR
 22-Feb-16 12:00:00 AM +00:00,11.48, KHIMS MILLENIUM VIII
 22-Feb-16 12:00:00 AM +00:00,-35, Online Transfer from SAV ...5125
 16-Feb-16 12:00:00 AM +00:00,2.5, NON-CHASE ATM FEE-WITH
 16-Feb-16 12:00:00 AM +00:00,10.09, MICROSOFT *OFFICE 3
 16-Feb-16 12:00:00 AM +00:00,14.15, Empire Tobacco
 16-Feb-16 12:00:00 AM +00:00,12, FARMERS GROCERY MARKET
 16-Feb-16 12:00:00 AM +00:00,29.21, QUORS
 16-Feb-16 12:00:00 AM +00:00,21.99, NON-CHASE ATM WITHDRAW 363054 02/13536 MYRTL
 16-Feb-16 12:00:00 AM +00:00,14.98, Waza Sushi
 16-Feb-16 12:00:00 AM +00:00,17.15, DEKALB TOP CORNER
 16-Feb-16 12:00:00 AM +00:00,32.2, KHIMS MILLENIUM VIII
 10-Feb-16 12:00:00 AM +00:00,12.57, Choice Market
 09-Feb-16 12:00:00 AM +00:00,10.89, Empire Tobacco
 08-Feb-16 12:00:00 AM +00:00,2.5, NON-CHASE ATM FEE-WITH
 08-Feb-16 12:00:00 AM +00:00,61.99, NON-CHASE ATM WITHDRAW 294476 02/07536 MYRTL
 08-Feb-16 12:00:00 AM +00:00,14.41, New Dekalb Deli & Grocery
 08-Feb-16 12:00:00 AM +00:00,20.63, The Cask Republic
 08-Feb-16 12:00:00 AM +00:00,14, FARMERS GROCERY MARKET
 08-Feb-16 12:00:00 AM +00:00,4.03, iTunes
 08-Feb-16 12:00:00 AM +00:00,16.97, KHIMS MILLENIUM VIII
 05-Feb-16 12:00:00 AM +00:00,100, Chase QuickPay Electronic Transfer 5177985884 to NU-GAMMA CHAPTER OF THE KAPPA SI
 04-Feb-16 12:00:00 AM +00:00,8, FARMERS GROCERY MARKET
 04-Feb-16 12:00:00 AM +00:00,20.42, Brooklyn Tap House
 01-Feb-16 12:00:00 AM +00:00,15.79, Empire Tobacco
 01-Feb-16 12:00:00 AM +00:00,5.57, Key Food Stores Co-op
 01-Feb-16 12:00:00 AM +00:00,5, FARMERS GROCERY MARKET
 01-Feb-16 12:00:00 AM +00:00,-100, TRANSFER FROM CHK XXXXX5727
 29-Jan-16 12:00:00 AM +00:00,40.27, QUORS
 29-Jan-16 12:00:00 AM +00:00,-460.09, PRATT INSTITUTE PAYROLL
 25-Jan-16 12:00:00 AM +00:00,34, INSUFFICIENT FUNDS FEE FOR A $9.99 RECURRING CARD PURCHASE - DETAILS: 0122Dropbox*CDQHJ8J9LJMZ db.tt/cchelp CA 04207670142631483
 25-Jan-16 12:00:00 AM +00:00,9.99, Dropbox*CDQHJ8J9LJMZ db.tt/cchelp
 15-Jan-16 12:00:00 AM +00:00,10.09, MICROSOFT *OFFICE 3
 12-Jan-16 12:00:00 AM +00:00,20, ATM WITHDRAWAL 000488 01/12975 BEDFO
 11-Jan-16 12:00:00 AM +00:00,9.5, BAGEL WORLD DEKALB
 07-Jan-16 12:00:00 AM +00:00,55.91, Brooklyn Tap House
 07-Jan-16 12:00:00 AM +00:00,-20, Venmo
 06-Jan-16 12:00:00 AM +00:00,27.21, DUTCH PETALS NYC
 06-Jan-16 12:00:00 AM +00:00,4.03, iTunes
 06-Jan-16 12:00:00 AM +00:00,-25, Venmo
 04-Jan-16 12:00:00 AM +00:00,20, ATM WITHDRAWAL 009137 01/04270 BROAD
 04-Jan-16 12:00:00 AM +00:00,14.06, THE 3 LUIGIS
 04-Jan-16 12:00:00 AM +00:00,-15, Online Transfer from SAV ...5125
 04-Jan-16 12:00:00 AM +00:00,-100, TRANSFER FROM CHK XXXXX5727
 30-Dec-15 12:00:00 AM +00:00,185, Chase QuickPay Electronic Transfer 5097226392 to NU-GAMMA CHAPTER OF THE KAPPA SI
 30-Dec-15 12:00:00 AM +00:00,-185, Venmo
 28-Dec-15 12:00:00 AM +00:00,26.59, Earth Garden Florist
 28-Dec-15 12:00:00 AM +00:00,89.58, Best Buy
 24-Dec-15 12:00:00 AM +00:00,30.74, Utopia
 24-Dec-15 12:00:00 AM +00:00,24.46, REI #135 NORWAL 189 Co
 24-Dec-15 12:00:00 AM +00:00,-100, Online Transfer from SAV ...5125
 23-Dec-15 12:00:00 AM +00:00,9.99, Dropbox*1TQHKB7QZ41S db.tt/cchelp
 23-Dec-15 12:00:00 AM +00:00,32.23, Walmart
 23-Dec-15 12:00:00 AM +00:00,20.02, TOTAL WINE AND MORE 15
 23-Dec-15 12:00:00 AM +00:00,28.17, STEW LEONARDS NORW
 23-Dec-15 12:00:00 AM +00:00,4.25, Tazza Cafe
 23-Dec-15 12:00:00 AM +00:00,57.33, Books On The Common
 22-Dec-15 12:00:00 AM +00:00,-200, Online Transfer from SAV ...5125
 21-Dec-15 12:00:00 AM +00:00,15.5, Shamsaldeen Food Market
 21-Dec-15 12:00:00 AM +00:00,12.99, 316 FRANKLIN DELI CORP
 18-Dec-15 12:00:00 AM +00:00,-47.85, PRATT INSTITUTE PAYROLL
 14-Dec-15 12:00:00 AM +00:00,8.71, Stop 1 Deli
 14-Dec-15 12:00:00 AM +00:00,14.15, Tipsy
 14-Dec-15 12:00:00 AM +00:00,25.01, PRATT-INST.- PRATT CAR
 11-Dec-15 12:00:00 AM +00:00,25, PRATT-INST.- PRATT CAR
 11-Dec-15 12:00:00 AM +00:00,-50, Online Transfer from SAV ...5125
 10-Dec-15 12:00:00 AM +00:00,8.89, Stop 1 Deli
 10-Dec-15 12:00:00 AM +00:00,8.33, Stop 1 Deli
 07-Dec-15 12:00:00 AM +00:00,10.89, Empire Tobacco
 07-Dec-15 12:00:00 AM +00:00,8, 497 MYRTLE AVE DELI CO
 07-Dec-15 12:00:00 AM +00:00,2.23, CULINART @ PRATT INSTI
 07-Dec-15 12:00:00 AM +00:00,10.47, Apple Art Supplies
 07-Dec-15 12:00:00 AM +00:00,10.62, Stop 1 Deli
 07-Dec-15 12:00:00 AM +00:00,8, SAMMYS GRILL
 07-Dec-15 12:00:00 AM +00:00,4.03, iTunes
 07-Dec-15 12:00:00 AM +00:00,6, Day & Night Gourmet
 04-Dec-15 12:00:00 AM +00:00,11.98, Stop 1 Deli
 04-Dec-15 12:00:00 AM +00:00,-74.85, PRATT INSTITUTE PAYROLL
 03-Dec-15 12:00:00 AM +00:00,6.5, 497 MYRTLE AVE DELI CO
 03-Dec-15 12:00:00 AM +00:00,49.51, Apple Art Supplies
 03-Dec-15 12:00:00 AM +00:00,48.81, Apple Art Supplies
 02-Dec-15 12:00:00 AM +00:00,20.18, MICROSOFT *OFFICE 3
 02-Dec-15 12:00:00 AM +00:00,4.94, KHIMS MILLENIUM VIII
 01-Dec-15 12:00:00 AM +00:00,9.5, FARMERS GROCERY MARKET
 01-Dec-15 12:00:00 AM +00:00,-100, TRANSFER FROM CHK XXXXX5727
 30-Nov-15 12:00:00 AM +00:00,6.5, 497 MYRTLE AVE DELI CO
 30-Nov-15 12:00:00 AM +00:00,400, Chase QuickPay Electronic Transfer 5032486155 to NU-GAMMA CHAPTER OF THE KAPPA SI
 30-Nov-15 12:00:00 AM +00:00,14.15, Empire Tobacco
 30-Nov-15 12:00:00 AM +00:00,9.25, Corkscrew Wines Brooklyn
 30-Nov-15 12:00:00 AM +00:00,4.94, KHIMS MILLENIUM VIII
 30-Nov-15 12:00:00 AM +00:00,3.99, Starbucks
 30-Nov-15 12:00:00 AM +00:00,-400, ATM CASH DEPOSIT 11/29 402 MYRTLE AVE
 27-Nov-15 12:00:00 AM +00:00,-100, Chase QuickPay Electronic Transfer 4893857310 from CAROL M BALL
 25-Nov-15 12:00:00 AM +00:00,185, Chase QuickPay Electronic Transfer 5025431999 to NU-GAMMA CHAPTER OF THE KAPPA SI
 25-Nov-15 12:00:00 AM +00:00,8.5, SLICE AND CO
 25-Nov-15 12:00:00 AM +00:00,27.27, Amity Hall
 24-Nov-15 12:00:00 AM +00:00,4.34, Staples
 24-Nov-15 12:00:00 AM +00:00,-185, Venmo
 23-Nov-15 12:00:00 AM +00:00,9.99, Dropbox*VLSM1PS893LB db.tt/cchelp
 23-Nov-15 12:00:00 AM +00:00,9.5, FARMERS GROCERY MARKET
 23-Nov-15 12:00:00 AM +00:00,18.24, Corkscrew Wines Brooklyn
 20-Nov-15 12:00:00 AM +00:00,10.89, Empire Tobacco
 20-Nov-15 12:00:00 AM +00:00,25.01, PRATT-INST.- PRATT CAR
 20-Nov-15 12:00:00 AM +00:00,25, PRATT-INST.- PRATT CAR
 20-Nov-15 12:00:00 AM +00:00,-110.85, PRATT INSTITUTE PAYROLL
 19-Nov-15 12:00:00 AM +00:00,6.7, Chelsea Bagel & Cafe
 19-Nov-15 12:00:00 AM +00:00,-12, Online Transfer from SAV ...5125
 17-Nov-15 12:00:00 AM +00:00,10.34, Stop 1 Deli
 13-Nov-15 12:00:00 AM +00:00,10.89, Empire Tobacco
 12-Nov-15 12:00:00 AM +00:00,8.26, 17TH STREET SOUPS
 12-Nov-15 12:00:00 AM +00:00,5.78, KHIMS MILLENIUM VIII
 12-Nov-15 12:00:00 AM +00:00,6.48, Starbucks
 12-Nov-15 12:00:00 AM +00:00,4.75, 322 Dekalb Grocery
 12-Nov-15 12:00:00 AM +00:00,6, Day & Night Gourmet
 10-Nov-15 12:00:00 AM +00:00,7.07, Staples
 10-Nov-15 12:00:00 AM +00:00,2.23, CULINART @ PRATT INSTI
 10-Nov-15 12:00:00 AM +00:00,5, Day & Night Gourmet
 09-Nov-15 12:00:00 AM +00:00,10.34, Empire Tobacco
 09-Nov-15 12:00:00 AM +00:00,5.39, CULINART @ PRATT INSTI
 09-Nov-15 12:00:00 AM +00:00,1.2, TAYLOR GOURMET 624 E LL
 09-Nov-15 12:00:00 AM +00:00,20.89, MODERN LIQUORS
 09-Nov-15 12:00:00 AM +00:00,15.68, Sundevich
 09-Nov-15 12:00:00 AM +00:00,4.9, WASH METRORAIL
 09-Nov-15 12:00:00 AM +00:00,8.66, DUNKIN #354278 Q3
 09-Nov-15 12:00:00 AM +00:00,19.2, District Lost and Found
 06-Nov-15 12:00:00 AM +00:00,4.03, iTunes
 06-Nov-15 12:00:00 AM +00:00,-146.85, PRATT INSTITUTE PAYROLL
 05-Nov-15 12:00:00 AM +00:00,8, 497 MYRTLE AVE DELI CO
 03-Nov-15 12:00:00 AM +00:00,40, ATM WITHDRAWAL 008190 11/0326 ASTOR
 03-Nov-15 12:00:00 AM +00:00,4.03, iTunes
 02-Nov-15 12:00:00 AM +00:00,9.99, Dropbox*SX6BY72X54H1 db.tt/cchelp
 02-Nov-15 12:00:00 AM +00:00,-100, TRANSFER FROM CHK XXXXX5727
 30-Oct-15 12:00:00 AM +00:00,25.01, PRATT-INST.- PRATT CAR
 30-Oct-15 12:00:00 AM +00:00,25, PRATT-INST.- PRATT CAR
 29-Oct-15 12:00:00 AM +00:00,-20, Online Transfer from SAV ...5125
 29-Oct-15 12:00:00 AM +00:00,-25, Online Transfer from SAV ...5125
 26-Oct-15 12:00:00 AM +00:00,14.15, Empire Tobacco
 26-Oct-15 12:00:00 AM +00:00,3.54, CULINART @ PRATT INSTI
 26-Oct-15 12:00:00 AM +00:00,49.99, Walgreens
 26-Oct-15 12:00:00 AM +00:00,32, Buon Gusto
 26-Oct-15 12:00:00 AM +00:00,28.09, KHIMS MILLENIUM VIII
 26-Oct-15 12:00:00 AM +00:00,40, Spa Castle
 26-Oct-15 12:00:00 AM +00:00,-75, Online Transfer from SAV ...5125
 23-Oct-15 12:00:00 AM +00:00,32.64, QUORS
 23-Oct-15 12:00:00 AM +00:00,-146.85, PRATT INSTITUTE PAYROLL
 19-Oct-15 12:00:00 AM +00:00,-80, Chase QuickPay Electronic Transfer 4946132959 from NU-GAMMA CHAPTER OF THE KAPPA SIGMA
 16-Oct-15 12:00:00 AM +00:00,2, NON-CHASE ATM FEE-WITH
 16-Oct-15 12:00:00 AM +00:00,81.99, NON-CHASE ATM WITHDRAW 285232 10/16536 MYRTL
 14-Oct-15 12:00:00 AM +00:00,19.6, Cafe Paulette
 14-Oct-15 12:00:00 AM +00:00,21, Benjamin Restaurant & Bar
 13-Oct-15 12:00:00 AM +00:00,30, OMGFI-Kappa Sigma
 13-Oct-15 12:00:00 AM +00:00,11.24, ZAROS BREAD BASKET #4
 13-Oct-15 12:00:00 AM +00:00,25.35, Clinton Park Cafe
 13-Oct-15 12:00:00 AM +00:00,7.29, THE 3 LUIGIS
 13-Oct-15 12:00:00 AM +00:00,8.17, CULINART @ PRATT INSTI
 13-Oct-15 12:00:00 AM +00:00,3.21, CULINART @ PRATT INSTI
 09-Oct-15 12:00:00 AM +00:00,-137.85, PRATT INSTITUTE PAYROLL
 06-Oct-15 12:00:00 AM +00:00,25, PRATT-INST.- PRATT CAR
 05-Oct-15 12:00:00 AM +00:00,2, NON-CHASE ATM FEE-WITH
 05-Oct-15 12:00:00 AM +00:00,2, NON-CHASE ATM FEE-WITH
 05-Oct-15 12:00:00 AM +00:00,21.85, NON-CHASE ATM WITHDRAW 000958 10/04328 DEKAL
 05-Oct-15 12:00:00 AM +00:00,5.99, DUNKIN #352504 Q35
 05-Oct-15 12:00:00 AM +00:00,21.75, NON-CHASE ATM WITHDRAW 485761 10/03320 LAFAY
 05-Oct-15 12:00:00 AM +00:00,16, FARMERS GROCERY MARKET
 05-Oct-15 12:00:00 AM +00:00,9.43, KHIMS MILLENIUM VIII
 05-Oct-15 12:00:00 AM +00:00,36, HOYT CONVENIENCE INC
 05-Oct-15 12:00:00 AM +00:00,16.88, 67 Burger
 05-Oct-15 12:00:00 AM +00:00,2.45, CULINART @ PRATT INSTI
 05-Oct-15 12:00:00 AM +00:00,22.1, Clinton Park Cafe
 05-Oct-15 12:00:00 AM +00:00,44.02, Brooklyn Tap House
 02-Oct-15 12:00:00 AM +00:00,2.45, CULINART @ PRATT INSTI
 02-Oct-15 12:00:00 AM +00:00,7.51, CULINART @ PRATT INSTI
 02-Oct-15 12:00:00 AM +00:00,6.75, CULINART @ PRATT INSTI
 01-Oct-15 12:00:00 AM +00:00,2.23, CULINART @ PRATT INSTI
 01-Oct-15 12:00:00 AM +00:00,-100, TRANSFER FROM CHK XXXXX5727
 30-Sep-15 12:00:00 AM +00:00,7.5, FARMERS GROCERY MARKET
 30-Sep-15 12:00:00 AM +00:00,6.7, CULINART @ PRATT INSTI
 30-Sep-15 12:00:00 AM +00:00,10.07, CULINART @ PRATT INSTI
 29-Sep-15 12:00:00 AM +00:00,12.74, CULINART @ PRATT INSTI
 29-Sep-15 12:00:00 AM +00:00,25, PRATT-INST.- PRATT CAR
 29-Sep-15 12:00:00 AM +00:00,9.89, Choice Market
 28-Sep-15 12:00:00 AM +00:00,4.24, DUNKIN #352504 Q35
 28-Sep-15 12:00:00 AM +00:00,11.16, KHIMS MILLENIUM VIII
 28-Sep-15 12:00:00 AM +00:00,26.78, Thai 101 Bistro
 28-Sep-15 12:00:00 AM +00:00,7.3, URBAN MARKET #1918
 28-Sep-15 12:00:00 AM +00:00,9.13, Choice Market
 28-Sep-15 12:00:00 AM +00:00,14, Fort Greene Food Market
 28-Sep-15 12:00:00 AM +00:00,2.99, CULINART @ PRATT INSTI
 28-Sep-15 12:00:00 AM +00:00,2.99, CULINART @ PRATT INSTI
 28-Sep-15 12:00:00 AM +00:00,2.23, CULINART @ PRATT INSTI
 28-Sep-15 12:00:00 AM +00:00,11.37, Choice Market
 28-Sep-15 12:00:00 AM +00:00,10.48, KHIMS MILLENIUM VIII
 25-Sep-15 12:00:00 AM +00:00,2, NON-CHASE ATM FEE-WITH
 25-Sep-15 12:00:00 AM +00:00,41.75, NON-CHASE ATM WITHDRAW 136017 09/25320 LAFAY
 25-Sep-15 12:00:00 AM +00:00,6.75, CULINART @ PRATT INSTI
 25-Sep-15 12:00:00 AM +00:00,-282.66, PRATT INSTITUTE PAYROLL
 24-Sep-15 12:00:00 AM +00:00,11.38, Bergen Bagels On Myrtle
 24-Sep-15 12:00:00 AM +00:00,2.99, CULINART @ PRATT INSTI
 23-Sep-15 12:00:00 AM +00:00,9.99, Dropbox*1SRK9WG9ZCBZ db.tt/cchelp
 23-Sep-15 12:00:00 AM +00:00,75, Chase QuickPay Electronic Transfer 4895723375 to NU-GAMMA CHAPTER OF THE KAPPA SI
 22-Sep-15 12:00:00 AM +00:00,100, Online Transfer to SAV ...5125
 22-Sep-15 12:00:00 AM +00:00,20, ATM WITHDRAWAL 007966 09/22158 W 14T
 22-Sep-15 12:00:00 AM +00:00,-100, Chase QuickPay Electronic Transfer 4893869792 from CAROL M BALL
 22-Sep-15 12:00:00 AM +00:00,-100, Chase QuickPay Electronic Transfer 4893851438 from CAROL M BALL
 22-Sep-15 12:00:00 AM +00:00,-100, ATM CASH DEPOSIT 09/22 158 W 14TH ST
 16-Sep-15 12:00:00 AM +00:00,10.09, MICROSOFT *OFFICE 3
 16-Sep-15 12:00:00 AM +00:00,40, Apple Store
 15-Sep-15 12:00:00 AM +00:00,-46, Online Transfer from SAV ...5125
 11-Sep-15 12:00:00 AM +00:00,40, ATM WITHDRAWAL 005145 09/1126 ASTOR
 11-Sep-15 12:00:00 AM +00:00,-40, Online Transfer from SAV ...5125
 09-Sep-15 12:00:00 AM +00:00,18.94, Ellens Stardust Diner
 09-Sep-15 12:00:00 AM +00:00,5.2, Connecticut Muffi
 08-Sep-15 12:00:00 AM +00:00,2, NON-CHASE ATM FEE-WITH
 08-Sep-15 12:00:00 AM +00:00,0.13, JPMorgan Chase Auth Debit 4860874096 WEB ID: 9200502233
 08-Sep-15 12:00:00 AM +00:00,22, NON-CHASE ATM WITHDRAW 196105 09/08561 MYRTL
 08-Sep-15 12:00:00 AM +00:00,4.94, KHIMS MILLENIUM VIII
 08-Sep-15 12:00:00 AM +00:00,13.83, GrubHub
 08-Sep-15 12:00:00 AM +00:00,40, ATM WITHDRAWAL 008585 09/05126 E 86T
 08-Sep-15 12:00:00 AM +00:00,17.25, NYSHL TAXI AD81 LONG ISLAND C
 08-Sep-15 12:00:00 AM +00:00,44.56, KHIMS MILLENIUM VIII
 08-Sep-15 12:00:00 AM +00:00,-0.04, JPMorgan Chase Auth Crdt
 08-Sep-15 12:00:00 AM +00:00,-0.09, JPMorgan Chase Auth Crdt
 08-Sep-15 12:00:00 AM +00:00,-20, Online Transfer from SAV ...5125
 04-Sep-15 12:00:00 AM +00:00,2, NON-CHASE ATM FEE-WITH
 04-Sep-15 12:00:00 AM +00:00,201.99, NON-CHASE ATM WITHDRAW 060363 09/04203 court
 04-Sep-15 12:00:00 AM +00:00,4.03, iTunes
 04-Sep-15 12:00:00 AM +00:00,50, PRATT-INST.- PRATT CAR
 04-Sep-15 12:00:00 AM +00:00,-235, Chase QuickPay Electronic Transfer 4860867302 from NU-GAMMA CHAPTER OF THE KAPPA SIGMA
 02-Sep-15 12:00:00 AM +00:00,57.91, Brooklyn Tap House
 01-Sep-15 12:00:00 AM +00:00,6.53, Staples
 01-Sep-15 12:00:00 AM +00:00,-100, TRANSFER FROM CHK XXXXX5727
 31-Aug-15 12:00:00 AM +00:00,15, LUCKY 7 GOURMET DELI 2
 28-Aug-15 12:00:00 AM +00:00,-137.85, PRATT INSTITUTE PAYROLL
 24-Aug-15 12:00:00 AM +00:00,9.99, Dropbox*VCMT9GLXKJ27 db.tt/cchelp
 24-Aug-15 12:00:00 AM +00:00,2, NON-CHASE ATM FEE-WITH
 24-Aug-15 12:00:00 AM +00:00,22, NON-CHASE ATM WITHDRAW 143177 08/22336 FRANK
 24-Aug-15 12:00:00 AM +00:00,-15, Venmo
 24-Aug-15 12:00:00 AM +00:00,-25, Online Transfer from SAV ...5125
 20-Aug-15 12:00:00 AM +00:00,25, WITHDRAWAL
 20-Aug-15 12:00:00 AM +00:00,-20, Online Transfer from SAV ...5125
 19-Aug-15 12:00:00 AM +00:00,11.48, KHIMS MILLENIUM VIII
 18-Aug-15 12:00:00 AM +00:00,14, Stop 1 Deli
 18-Aug-15 12:00:00 AM +00:00,3.37, DUNKIN #352504 Q35
 18-Aug-15 12:00:00 AM +00:00,37, BIZARRE
 18-Aug-15 12:00:00 AM +00:00,7.28, KHIMS MILLENIUM VIII
 18-Aug-15 12:00:00 AM +00:00,9.5, Day & Night Gourmet
 17-Aug-15 12:00:00 AM +00:00,10.09, OFFICE
 17-Aug-15 12:00:00 AM +00:00,11.5, Stop 1 Deli
 17-Aug-15 12:00:00 AM +00:00,3.96, KHIMS MILLENIUM VIII
 17-Aug-15 12:00:00 AM +00:00,30.49, Corkscrew Wines Brooklyn
 17-Aug-15 12:00:00 AM +00:00,10.38, Stop 1 Deli
 17-Aug-15 12:00:00 AM +00:00,10, Day & Night Gourmet
 17-Aug-15 12:00:00 AM +00:00,6.53, CULINART @ PRATT INSTI
 17-Aug-15 12:00:00 AM +00:00,7.43, CULINART @ PRATT INSTI
 14-Aug-15 12:00:00 AM +00:00,-142.35, PRATT INSTITUTE PAYROLL
 13-Aug-15 12:00:00 AM +00:00,-40, Venmo
 12-Aug-15 12:00:00 AM +00:00,20, ATM WITHDRAWAL 003749 08/1233 OLD
 12-Aug-15 12:00:00 AM +00:00,-20, Online Transfer from SAV ...5125
 11-Aug-15 12:00:00 AM +00:00,19.87, CAMMARERI CAFFE
 10-Aug-15 12:00:00 AM +00:00,10.13, THE 3 LUIGIS
 10-Aug-15 12:00:00 AM +00:00,20, Walls Wharf
 10-Aug-15 12:00:00 AM +00:00,4.5, Central Market
 07-Aug-15 12:00:00 AM +00:00,21.76, T-Mobile
 07-Aug-15 12:00:00 AM +00:00,21.5, Play By Play
 07-Aug-15 12:00:00 AM +00:00,33.2, Museum Of Sex
 07-Aug-15 12:00:00 AM +00:00,27.22, Museum Of Sex
 07-Aug-15 12:00:00 AM +00:00,21.92, Urban Vintage
 06-Aug-15 12:00:00 AM +00:00,4.03, iTunes
 06-Aug-15 12:00:00 AM +00:00,4.43, KHIMS MILLENIUM VIII
 06-Aug-15 12:00:00 AM +00:00,31.09, Brooklyn Tap House
 05-Aug-15 12:00:00 AM +00:00,33.73, LIQUORS
 05-Aug-15 12:00:00 AM +00:00,30.82, KHIMS MILLENIUM VIII
 04-Aug-15 12:00:00 AM +00:00,29.39, LIQUORS
 04-Aug-15 12:00:00 AM +00:00,3.81, Dishes
 03-Aug-15 12:00:00 AM +00:00,13.49, Stop 1 Deli
 03-Aug-15 12:00:00 AM +00:00,42, Harlan Publick
 03-Aug-15 12:00:00 AM +00:00,14.06, MARLYS
 03-Aug-15 12:00:00 AM +00:00,38.66, Bobby Qs Barbeque & Grill
 03-Aug-15 12:00:00 AM +00:00,-100, TRANSFER FROM CHK XXXXX5727
 31-Jul-15 12:00:00 AM +00:00,-329.96, PRATT INSTITUTE PAYROLL
 30-Jul-15 12:00:00 AM +00:00,13.07, Empire Tobacco
 30-Jul-15 12:00:00 AM +00:00,49, DELTA AIR 00601558593 DELTA.COM
 30-Jul-15 12:00:00 AM +00:00,6.67, ST TROPEZ CONVENIENCE
 30-Jul-15 12:00:00 AM +00:00,22.19, HARD ROCK LAS VEGAS HRH
 30-Jul-15 12:00:00 AM +00:00,-20, Online Transfer from SAV ...5125
 29-Jul-15 12:00:00 AM +00:00,1.69, Chevron
 29-Jul-15 12:00:00 AM +00:00,7.68, Subway
 29-Jul-15 12:00:00 AM +00:00,7.03, Subway
 29-Jul-15 12:00:00 AM +00:00,32, PARADISE BEACH
 29-Jul-15 12:00:00 AM +00:00,7.36, Juice Bar V
 29-Jul-15 12:00:00 AM +00:00,5.86, Juice Bar V
 29-Jul-15 12:00:00 AM +00:00,-50, Online Transfer from SAV ...5125
 28-Jul-15 12:00:00 AM +00:00,6.86, Juice Bar V
 28-Jul-15 12:00:00 AM +00:00,15, Nirvana Pool at Hard Rock
 28-Jul-15 12:00:00 AM +00:00,24.52, HARD ROCK MR LUCKYS
 28-Jul-15 12:00:00 AM +00:00,25, HARD ROCK RELIQUARY
 28-Jul-15 12:00:00 AM +00:00,15.03, Johnny Rockets
 28-Jul-15 12:00:00 AM +00:00,49.7, FLAMINGO PARADISE BUFFE
 27-Jul-15 12:00:00 AM +00:00,2, NON-CHASE ATM FEE-WITH
 27-Jul-15 12:00:00 AM +00:00,18.85, HRH SUNDRIES
 27-Jul-15 12:00:00 AM +00:00,270.36, HCL*HOTELCLUB.COM
 27-Jul-15 12:00:00 AM +00:00,105.99, NON-CHASE ATM WITHDRAW 904735 07/26FLV07 RAC
 27-Jul-15 12:00:00 AM +00:00,17.09, TAXI SERVICE
 27-Jul-15 12:00:00 AM +00:00,15.67, FLV ESSENTIALS TO GO
 27-Jul-15 12:00:00 AM +00:00,16, CAESARS BANQUETS
 27-Jul-15 12:00:00 AM +00:00,180, Chase QuickPay Electronic Transfer 4774630008 to Suraj Gandhi
 27-Jul-15 12:00:00 AM +00:00,6.45, FLV ESSENTIALS TO GO
 27-Jul-15 12:00:00 AM +00:00,8, DELTA AIR 00601554025
 27-Jul-15 12:00:00 AM +00:00,2.5, OTG JFK T2 VENTURE
 27-Jul-15 12:00:00 AM +00:00,25, PRATT-INST.- PRATT CAR
 27-Jul-15 12:00:00 AM +00:00,-100, Online Transfer from SAV ...5125
 27-Jul-15 12:00:00 AM +00:00,-100, Online Transfer from SAV ...5125
 27-Jul-15 12:00:00 AM +00:00,-100, Online Transfer from SAV ...5125
 27-Jul-15 12:00:00 AM +00:00,-300, Online Transfer from SAV ...5125
 24-Jul-15 12:00:00 AM +00:00,15, Venmo
 24-Jul-15 12:00:00 AM +00:00,8.33, THE 3 LUIGIS
 23-Jul-15 12:00:00 AM +00:00,9.99, Dropbox*XJ24ZGLQZXMK db.tt/cchelp
 22-Jul-15 12:00:00 AM +00:00,25, PRATT-INST.- PRATT CAR
 22-Jul-15 12:00:00 AM +00:00,8, The Thirsty Scholar
 22-Jul-15 12:00:00 AM +00:00,42.88, NYC LPEP TAXI LONG ISLAND C
 20-Jul-15 12:00:00 AM +00:00,33.74, LIQUORS
 20-Jul-15 12:00:00 AM +00:00,8.71, Empire Tobacco
 20-Jul-15 12:00:00 AM +00:00,8.87, THE 3 LUIGIS
 20-Jul-15 12:00:00 AM +00:00,23.96, Brooklyn Public House
 20-Jul-15 12:00:00 AM +00:00,11.48, KHIMS MILLENIUM VIII
 20-Jul-15 12:00:00 AM +00:00,-200, Chase QuickPay Electronic Transfer 4699662989 from CAROL M BALL
 17-Jul-15 12:00:00 AM +00:00,10.13, THE 3 LUIGIS
 17-Jul-15 12:00:00 AM +00:00,-269.76, PRATT INSTITUTE PAYROLL
 16-Jul-15 12:00:00 AM +00:00,-20, Online Transfer from SAV ...5125
 15-Jul-15 12:00:00 AM +00:00,10.09, OFFICE
 15-Jul-15 12:00:00 AM +00:00,-20, Online Transfer from SAV ...5125
 13-Jul-15 12:00:00 AM +00:00,40, ATM WITHDRAWAL 001148 07/1326 ASTOR
 13-Jul-15 12:00:00 AM +00:00,20.15, Ny Botanical Gardens
 13-Jul-15 12:00:00 AM +00:00,10.89, Ny Botanical Gardens
 13-Jul-15 12:00:00 AM +00:00,29.6, New York City Taxi
 13-Jul-15 12:00:00 AM +00:00,17.41, Rays Gourmet Inc
 13-Jul-15 12:00:00 AM +00:00,20, ATM WITHDRAWAL 008525 07/1026 ASTOR
 13-Jul-15 12:00:00 AM +00:00,65.81, KHYBER PASS RESTAURANT
 13-Jul-15 12:00:00 AM +00:00,25.2, BARCADE ST. MARKS PLACE
 13-Jul-15 12:00:00 AM +00:00,2.37, EATALY NY MARKET
 13-Jul-15 12:00:00 AM +00:00,3.8, EATALY NY MARKET
 13-Jul-15 12:00:00 AM +00:00,7, Day & Night Gourmet
 13-Jul-15 12:00:00 AM +00:00,-10, ATM CASH DEPOSIT 07/13 26 ASTOR PL
 09-Jul-15 12:00:00 AM +00:00,32.29, Walgreens
 08-Jul-15 12:00:00 AM +00:00,49.5, Brooklyn Tap House
 08-Jul-15 12:00:00 AM +00:00,-65, ATM CASH DEPOSIT 07/08 975 BEDFORD AVE
 07-Jul-15 12:00:00 AM +00:00,25.25, PRATT-INST.- PRATT CAR
 07-Jul-15 12:00:00 AM +00:00,25, PRATT-INST.- PRATT CAR
 07-Jul-15 12:00:00 AM +00:00,50, PRATT-INST.- PRATT CAR
 07-Jul-15 12:00:00 AM +00:00,5, Bergen Bagels On Myrtle
 07-Jul-15 12:00:00 AM +00:00,5.7, Connecticut Muffi
 06-Jul-15 12:00:00 AM +00:00,5.17, Key Food Stores Co-op
 06-Jul-15 12:00:00 AM +00:00,5, TAQUERIA TEPANGO
 06-Jul-15 12:00:00 AM +00:00,5.05, Key Food Stores Co-op
 06-Jul-15 12:00:00 AM +00:00,23.95, TAQUERIA TEPANGO
 06-Jul-15 12:00:00 AM +00:00,12.57, Choice Market
 06-Jul-15 12:00:00 AM +00:00,4.03, iTunes
 06-Jul-15 12:00:00 AM +00:00,9, Key Food Stores Co-op
 06-Jul-15 12:00:00 AM +00:00,9.99, KHIMS MILLENIUM VIII
 06-Jul-15 12:00:00 AM +00:00,57.95, Duane Reade
 03-Jul-15 12:00:00 AM +00:00,300, Chase QuickPay Electronic Transfer 4733280889 to Chuck Driesler
 03-Jul-15 12:00:00 AM +00:00,17.15, TAQUERIA TEPANGO
 03-Jul-15 12:00:00 AM +00:00,8.87, THE 3 LUIGIS
 03-Jul-15 12:00:00 AM +00:00,20.3, Mighty Quinns BBQ
 02-Jul-15 12:00:00 AM +00:00,7.08, THE 3 LUIGIS
 02-Jul-15 12:00:00 AM +00:00,-636.79, PRATT INSTITUTE PAYROLL
 01-Jul-15 12:00:00 AM +00:00,9.97, Urban Vintage
 01-Jul-15 12:00:00 AM +00:00,-100, ATM CASH DEPOSIT 07/01 402 MYRTLE AVE
 01-Jul-15 12:00:00 AM +00:00,-100, TRANSFER FROM CHK XXXXX5727
 30-Jun-15 12:00:00 AM +00:00,9.96, THE 3 LUIGIS
 29-Jun-15 12:00:00 AM +00:00,7.5, FARMERS GROCERY MARKET
 29-Jun-15 12:00:00 AM +00:00,12.25, New York City Taxi
 29-Jun-15 12:00:00 AM +00:00,7.8, Clinton Park Cafe
 29-Jun-15 12:00:00 AM +00:00,7.57, KHIMS MILLENIUM VIII
 29-Jun-15 12:00:00 AM +00:00,8.5, Day & Night Gourmet
 25-Jun-15 12:00:00 AM +00:00,5.39, Key Food Stores Co-op
 25-Jun-15 12:00:00 AM +00:00,32.37, Home Depot
 23-Jun-15 12:00:00 AM +00:00,2, NON-CHASE ATM FEE-WITH
 23-Jun-15 12:00:00 AM +00:00,9.99, Dropbox*DP2DPYW5NKX9 db.tt/cchelp
 23-Jun-15 12:00:00 AM +00:00,22, NON-CHASE ATM WITHDRAW 007200 06/23757 FULTO
 23-Jun-15 12:00:00 AM +00:00,7.85, Clinton Park Cafe
 23-Jun-15 12:00:00 AM +00:00,7.24, THE 3 LUIGIS
 22-Jun-15 12:00:00 AM +00:00,9.65, BAYVILLE DELI & PIZZE
 22-Jun-15 12:00:00 AM +00:00,28.01, Marietta
 19-Jun-15 12:00:00 AM +00:00,4.33, PENN WINES AND SPIRITS
 19-Jun-15 12:00:00 AM +00:00,4.34, PENN WINES AND SPIRITS
 19-Jun-15 12:00:00 AM +00:00,5.98, Key Food Stores Co-op
 19-Jun-15 12:00:00 AM +00:00,9.1, Bergen Bagels On Myrtle
 19-Jun-15 12:00:00 AM +00:00,8.33, THE 3 LUIGIS
 19-Jun-15 12:00:00 AM +00:00,514.2, DELTA AIR 00623135757 DELTA.COM
 19-Jun-15 12:00:00 AM +00:00,8.37, Bergen Bagels On Myrtle
 18-Jun-15 12:00:00 AM +00:00,11.25, Key Food Stores Co-op
 18-Jun-15 12:00:00 AM +00:00,-200, Chase QuickPay Electronic Transfer 4637089378 from CAROL M BALL
 17-Jun-15 12:00:00 AM +00:00,2, NON-CHASE ATM FEE-WITH
 17-Jun-15 12:00:00 AM +00:00,20.99, NON-CHASE ATM WITHDRAW 313520 06/16480 MYRTL
 17-Jun-15 12:00:00 AM +00:00,8.87, THE 3 LUIGIS
 16-Jun-15 12:00:00 AM +00:00,6.24, Key Food Stores Co-op
 16-Jun-15 12:00:00 AM +00:00,25, PRATT-INST.- PRATT CAR
 16-Jun-15 12:00:00 AM +00:00,11.3, Choice Market
 16-Jun-15 12:00:00 AM +00:00,11.89, Urban Vintage
 15-Jun-15 12:00:00 AM +00:00,10.09, OFFICE
 15-Jun-15 12:00:00 AM +00:00,9.49, Key Food Stores Co-op
 15-Jun-15 12:00:00 AM +00:00,8.17, Dumbo Kitchen
 15-Jun-15 12:00:00 AM +00:00,4.03, iTunes
 15-Jun-15 12:00:00 AM +00:00,14.7, Choice Market
 15-Jun-15 12:00:00 AM +00:00,10.83, NYC BIKE SHARE LLC
 15-Jun-15 12:00:00 AM +00:00,9.25, Dumbo Kitchen
 15-Jun-15 12:00:00 AM +00:00,-501, ATM CHECK DEPOSIT 06/15 402 MYRTLE AVE
 12-Jun-15 12:00:00 AM +00:00,10.13, THE 3 LUIGIS
 12-Jun-15 12:00:00 AM +00:00,10.83, NYC BIKE SHARE LLC
 11-Jun-15 12:00:00 AM +00:00,20, ATM WITHDRAWAL 005443 06/11975 BEDFO
 10-Jun-15 12:00:00 AM +00:00,9, FARMERS GROCERY MARKET
 10-Jun-15 12:00:00 AM +00:00,14.67, Brooklyn Tap House
 10-Jun-15 12:00:00 AM +00:00,24.69, Cafe Paulette
 08-Jun-15 12:00:00 AM +00:00,13, TONY DELI CORP
 08-Jun-15 12:00:00 AM +00:00,13.5, New York City Taxi
 08-Jun-15 12:00:00 AM +00:00,16.79, First Stop Grocery Inc
 08-Jun-15 12:00:00 AM +00:00,9.82, Duane Reade
 08-Jun-15 12:00:00 AM +00:00,6, NYWW PIER 11 TOM6023
 08-Jun-15 12:00:00 AM +00:00,4.84, Starbucks
 08-Jun-15 12:00:00 AM +00:00,5.66, DUNKIN #352504 Q35
 08-Jun-15 12:00:00 AM +00:00,9.98, KHIMS MILLENIUM VIII
 05-Jun-15 12:00:00 AM +00:00,400, Online Transfer to SAV ...5125
 05-Jun-15 12:00:00 AM +00:00,9.25, BAGEL WORLD DEKALB
 05-Jun-15 12:00:00 AM +00:00,7.5, Day & Night Gourmet
 05-Jun-15 12:00:00 AM +00:00,-719.86, PRATT INSTITUTE PAYROLL
 04-Jun-15 12:00:00 AM +00:00,6, SERVICE FEE
 04-Jun-15 12:00:00 AM +00:00,7.35, Bergen Bagels On Myrtle
 04-Jun-15 12:00:00 AM +00:00,16.95, Clinton Park Cafe
 04-Jun-15 12:00:00 AM +00:00,6.73, KHIMS MILLENIUM VIII
 01-Jun-15 12:00:00 AM +00:00,11.5, 581 MYRTLE AVE FOOD 59
 01-Jun-15 12:00:00 AM +00:00,-100, TRANSFER FROM CHK XXXXX5727
 29-May-15 12:00:00 AM +00:00,9, FARMERS GROCERY MARKET
 28-May-15 12:00:00 AM +00:00,13, Paradise Deli & Grocery
 28-May-15 12:00:00 AM +00:00,4.84, Starbucks
 28-May-15 12:00:00 AM +00:00,25, PRATT-INST.- PRATT CAR
 26-May-15 12:00:00 AM +00:00,2, NON-CHASE ATM FEE-WITH
 26-May-15 12:00:00 AM +00:00,2, Uber
 26-May-15 12:00:00 AM +00:00,9.99, Dropbox*P8GVGWK1SCZ7 db.tt/cchelp
 26-May-15 12:00:00 AM +00:00,11.75, NON-CHASE ATM WITHDRAW 798036 05/26275 GRAND
 26-May-15 12:00:00 AM +00:00,9.8, EMPIRE TOBACCO/521 MYR
 26-May-15 12:00:00 AM +00:00,36, NYC-TAXI-4C47
 26-May-15 12:00:00 AM +00:00,56, Metropolitan Transportation Authority
 26-May-15 12:00:00 AM +00:00,8.38, Bergen Bagels On Myrtle
 26-May-15 12:00:00 AM +00:00,19.04, Buon Gusto
 26-May-15 12:00:00 AM +00:00,36.4, Trader Joes
 26-May-15 12:00:00 AM +00:00,21.51, Brooklyn Tap House
 26-May-15 12:00:00 AM +00:00,-140, ATM CASH DEPOSIT 05/24 89 E 42ND ST
 22-May-15 12:00:00 AM +00:00,11.5, 581 MYRTLE AVE FOOD 59
 22-May-15 12:00:00 AM +00:00,11.18, Key Food Stores Co-op
 22-May-15 12:00:00 AM +00:00,7.62, EMPIRE TOBACCO/521 MYR
 21-May-15 12:00:00 AM +00:00,11.3, Choice Market
 20-May-15 12:00:00 AM +00:00,11.78, Brooklyn Tap House
 20-May-15 12:00:00 AM +00:00,13.61, Corkscrew Wines Brooklyn
 19-May-15 12:00:00 AM +00:00,14.4, Clinton Park Cafe
 18-May-15 12:00:00 AM +00:00,10.09, OFFICE
 18-May-15 12:00:00 AM +00:00,7.87, Starbucks
 18-May-15 12:00:00 AM +00:00,10.39, Shell
 18-May-15 12:00:00 AM +00:00,7, ZAROS BREAD BASKET #4
 18-May-15 12:00:00 AM +00:00,12.52, Corkscrew Wines Brooklyn
 18-May-15 12:00:00 AM +00:00,69.71, The Green Table - Inside Chelsea Market
 18-May-15 12:00:00 AM +00:00,-200, Chase QuickPay Electronic Transfer 4637089373 from CAROL M BALL
 15-May-15 12:00:00 AM +00:00,49.99, The Chester
 15-May-15 12:00:00 AM +00:00,17.25, Clinton Park Cafe
 15-May-15 12:00:00 AM +00:00,5.97, CULINART @ PRATT INSTI
 15-May-15 12:00:00 AM +00:00,4.34, DUNKIN #352504 Q35
 15-May-15 12:00:00 AM +00:00,7, Beast of Bourbon
 13-May-15 12:00:00 AM +00:00,10.56, CULINART @ PRATT INSTI
 13-May-15 12:00:00 AM +00:00,4.03, iTunes
 13-May-15 12:00:00 AM +00:00,10.62, Brooklyn Tap House
 11-May-15 12:00:00 AM +00:00,-100, ATM CASH DEPOSIT 05/10 130 2ND AVE
 11-May-15 12:00:00 AM +00:00,-156, ATM CASH DEPOSIT 05/10 130 2ND AVE
 04-May-15 12:00:00 AM +00:00,20, Online Transfer to SAV ...5125
 04-May-15 12:00:00 AM +00:00,131, PRATT-INST.- PRATT CAR
 04-May-15 12:00:00 AM +00:00,-50, Online Transfer from SAV ...5125
 01-May-15 12:00:00 AM +00:00,21, KHIMS MILLENIUM VIII
 01-May-15 12:00:00 AM +00:00,-100, TRANSFER FROM CHK XXXXX5727
 30-Apr-15 12:00:00 AM +00:00,8.71, EMPIRE TOBACCO/521 MYR
 30-Apr-15 12:00:00 AM +00:00,14.66, Apple Art Supplies
 29-Apr-15 12:00:00 AM +00:00,33.85, Venmo
 29-Apr-15 12:00:00 AM +00:00,17.34, Apple Art Supplies
 27-Apr-15 12:00:00 AM +00:00,33.62, Apple Art Supplies
 24-Apr-15 12:00:00 AM +00:00,20, ATM WITHDRAWAL 006576 04/24402 MYRTL
 24-Apr-15 12:00:00 AM +00:00,8.5, FARMERS GROCERY MARKET
 24-Apr-15 12:00:00 AM +00:00,-155.85, PRATT INSTITUTE PAYROLL
 23-Apr-15 12:00:00 AM +00:00,9.99, Dropbox*QDF5QG584ZHQ db.tt/cchelp
 23-Apr-15 12:00:00 AM +00:00,25, PRATT-INST.- PRATT CAR
 22-Apr-15 12:00:00 AM +00:00,-30, Online Transfer from SAV ...5125
 21-Apr-15 12:00:00 AM +00:00,34.01, PRATT-INST.- PRATT CAR
 20-Apr-15 12:00:00 AM +00:00,11.22, Apple Art Supplies
 20-Apr-15 12:00:00 AM +00:00,-20, Online Transfer from SAV ...5125
 17-Apr-15 12:00:00 AM +00:00,3.91, DUNKIN #352504 Q35
 16-Apr-15 12:00:00 AM +00:00,10.09, OFFICE
 15-Apr-15 12:00:00 AM +00:00,12.02, Brooklyn Tap House
 14-Apr-15 12:00:00 AM +00:00,25, PRATT-INST.- PRATT CAR
 13-Apr-15 12:00:00 AM +00:00,12, FARMERS GROCERY MARKET
 13-Apr-15 12:00:00 AM +00:00,30.7, Clinton Park Cafe
 13-Apr-15 12:00:00 AM +00:00,52.8, The Watering Hole
 13-Apr-15 12:00:00 AM +00:00,2.17, DUNKIN #348821 Q35
 13-Apr-15 12:00:00 AM +00:00,4.18, DUNKIN #348821 Q35
 13-Apr-15 12:00:00 AM +00:00,2.37, DUNKIN #348821 Q35
 13-Apr-15 12:00:00 AM +00:00,13.75, Choice Market
 10-Apr-15 12:00:00 AM +00:00,9.3, C-Town Supermarkets
 10-Apr-15 12:00:00 AM +00:00,6, FARMERS GROCERY MARKET
 10-Apr-15 12:00:00 AM +00:00,36.75, PRATT-INST.- PRATT CAR
 10-Apr-15 12:00:00 AM +00:00,-182.85, PRATT INSTITUTE PAYROLL
 08-Apr-15 12:00:00 AM +00:00,26.98, Uber
 07-Apr-15 12:00:00 AM +00:00,20, Online Transfer to SAV ...5125
 07-Apr-15 12:00:00 AM +00:00,40, PRATT-INST.- PRATT CAR
 07-Apr-15 12:00:00 AM +00:00,-60, ATM CASH DEPOSIT 04/07 402 MYRTLE AVE
 06-Apr-15 12:00:00 AM +00:00,16, Venmo
 06-Apr-15 12:00:00 AM +00:00,4.03, iTunes
 06-Apr-15 12:00:00 AM +00:00,19.2, Clinton Park Cafe
 06-Apr-15 12:00:00 AM +00:00,21.42, KHIMS MILLENIUM VIII
 06-Apr-15 12:00:00 AM +00:00,28.31, Tipsy
 06-Apr-15 12:00:00 AM +00:00,21.55, Brooklyn Tap House
 06-Apr-15 12:00:00 AM +00:00,-60, Online Transfer from SAV ...5125
 03-Apr-15 12:00:00 AM +00:00,40, ATM WITHDRAWAL 003676 04/03402 MYRTL
 03-Apr-15 12:00:00 AM +00:00,34.15, Key Food Stores Co-op
 03-Apr-15 12:00:00 AM +00:00,25, PRATT-INST.- PRATT CAR
 01-Apr-15 12:00:00 AM +00:00,7.84, CULINART @ PRATT INSTI
 01-Apr-15 12:00:00 AM +00:00,3.27, CULINART @ PRATT INSTI
 01-Apr-15 12:00:00 AM +00:00,20.64, Choice Market
 01-Apr-15 12:00:00 AM +00:00,23.07, Brooklyn Tap House
 01-Apr-15 12:00:00 AM +00:00,-100, TRANSFER FROM CHK XXXXX5727
 30-Mar-15 12:00:00 AM +00:00,1.75, 7-Eleven
 30-Mar-15 12:00:00 AM +00:00,8.12, CURB
 30-Mar-15 12:00:00 AM +00:00,6, ERM04030
 30-Mar-15 12:00:00 AM +00:00,8.07, CARVINGS
 30-Mar-15 12:00:00 AM +00:00,8.55, THE BLACK SQUIRREL
 30-Mar-15 12:00:00 AM +00:00,4.98, Z MARKET DE-TP10616902
 27-Mar-15 12:00:00 AM +00:00,-235.36, PRATT INSTITUTE PAYROLL
 25-Mar-15 12:00:00 AM +00:00,19.56, Brooklyn Tap House
 24-Mar-15 12:00:00 AM +00:00,2, NON-CHASE ATM FEE-WITH
 24-Mar-15 12:00:00 AM +00:00,21.85, NON-CHASE ATM WITHDRAW 004991 03/24328 DEKAL
 23-Mar-15 12:00:00 AM +00:00,9.99, Dropbox*GYWFTS22J593 db.tt/cchelp
 23-Mar-15 12:00:00 AM +00:00,5.5, FARMERS GROCERY MARKET
 23-Mar-15 12:00:00 AM +00:00,17.97, Los Pollitos
 19-Mar-15 12:00:00 AM +00:00,-50, ATM CASH DEPOSIT 03/19 402 MYRTLE AVE
 16-Mar-15 12:00:00 AM +00:00,2, NON-CHASE ATM FEE-WITH
 16-Mar-15 12:00:00 AM +00:00,10.09, OFFICE
 16-Mar-15 12:00:00 AM +00:00,40, ATM WITHDRAWAL 005414 03/161120 AVEN
 16-Mar-15 12:00:00 AM +00:00,21.99, NON-CHASE ATM WITHDRAW 291689 03/15536 MYRTL
 16-Mar-15 12:00:00 AM +00:00,40, ATM WITHDRAWAL 008293 03/1526 ASTOR
 16-Mar-15 12:00:00 AM +00:00,7.07, Hudson News
 16-Mar-15 12:00:00 AM +00:00,11.98, Amazon
 16-Mar-15 12:00:00 AM +00:00,18.19, 200 Fifth
 16-Mar-15 12:00:00 AM +00:00,23.85, Clinton Park Cafe
 16-Mar-15 12:00:00 AM +00:00,150, ST BALDRICKS FOUNDAT
 16-Mar-15 12:00:00 AM +00:00,10, ST BALDRICKS FOUNDAT
 16-Mar-15 12:00:00 AM +00:00,10, ST BALDRICKS FOUNDAT
 16-Mar-15 12:00:00 AM +00:00,10, ST BALDRICKS FOUNDAT
 16-Mar-15 12:00:00 AM +00:00,10, ST BALDRICKS FOUNDAT
 16-Mar-15 12:00:00 AM +00:00,10, ST BALDRICKS FOUNDAT
 16-Mar-15 12:00:00 AM +00:00,10, ST BALDRICKS FOUNDAT
 16-Mar-15 12:00:00 AM +00:00,-16, ATM CASH DEPOSIT 03/16 1120 AVENUE OF THE AMERI
 13-Mar-15 12:00:00 AM +00:00,10, ST BALDRICKS FOUNDAT
 13-Mar-15 12:00:00 AM +00:00,-235.36, PRATT INSTITUTE PAYROLL
 13-Mar-15 12:00:00 AM +00:00,-150, ATM CASH DEPOSIT 03/13 402 MYRTLE AVE
 12-Mar-15 12:00:00 AM +00:00,33.34, Brooklyn Tap House
 11-Mar-15 12:00:00 AM +00:00,-50, Online Transfer from SAV ...5125
 10-Mar-15 12:00:00 AM +00:00,-25, ATM CASH DEPOSIT 03/10 402 MYRTLE AVE
 09-Mar-15 12:00:00 AM +00:00,40, ATM WITHDRAWAL 000984 03/08402 MYRTL
 09-Mar-15 12:00:00 AM +00:00,84.15, Cafe Lafayette
 09-Mar-15 12:00:00 AM +00:00,-10, Online Transfer from SAV ...5125
 09-Mar-15 12:00:00 AM +00:00,-20, Online Transfer from SAV ...5125
 09-Mar-15 12:00:00 AM +00:00,-20, Online Transfer from SAV ...5125
 06-Mar-15 12:00:00 AM +00:00,4.03, iTunes
 04-Mar-15 12:00:00 AM +00:00,7.35, CULINART @ PRATT INSTI
 04-Mar-15 12:00:00 AM +00:00,2.99, CULINART @ PRATT INSTI
 03-Mar-15 12:00:00 AM +00:00,3.27, WAVE HILL
 02-Mar-15 12:00:00 AM +00:00,2, NON-CHASE ATM FEE-WITH
 02-Mar-15 12:00:00 AM +00:00,125, Venmo
 02-Mar-15 12:00:00 AM +00:00,106.15, Taqueria Tepango
 02-Mar-15 12:00:00 AM +00:00,48.99, Wave Hill
 02-Mar-15 12:00:00 AM +00:00,3.95, Dishes
 02-Mar-15 12:00:00 AM +00:00,11.3, Choice Market
 02-Mar-15 12:00:00 AM +00:00,80.33, SCOPELLO RISTORANTE
 02-Mar-15 12:00:00 AM +00:00,42, NON-CHASE ATM WITHDRAW 556297 02/28590 MYRTL
 02-Mar-15 12:00:00 AM +00:00,116, GREYHOUND LINES CNP
 02-Mar-15 12:00:00 AM +00:00,-50, Online Transfer from SAV ...5125
 02-Mar-15 12:00:00 AM +00:00,-106.15, Deposit #701869
 02-Mar-15 12:00:00 AM +00:00,-158, ATM CASH DEPOSIT 02/28 402 MYRTLE AVE
 02-Mar-15 12:00:00 AM +00:00,-100, TRANSFER FROM CHK XXXXX5727
 27-Feb-15 12:00:00 AM +00:00,20, ATM WITHDRAWAL 007523 02/27402 MYRTL
 27-Feb-15 12:00:00 AM +00:00,50, ATM WITHDRAWAL 007522 02/27402 MYRTL
 27-Feb-15 12:00:00 AM +00:00,25, PRATT-INST.- PRATT CAR
 27-Feb-15 12:00:00 AM +00:00,-235.36, PRATT INSTITUTE PAYROLL
 26-Feb-15 12:00:00 AM +00:00,-20, Venmo
 24-Feb-15 12:00:00 AM +00:00,-30, ATM CASH DEPOSIT 02/24 402 MYRTLE AVE
 23-Feb-15 12:00:00 AM +00:00,9.99, Dropbox*F84FG93TQ2K8 db.tt/cchelp
 23-Feb-15 12:00:00 AM +00:00,11.69, Brooklyn Tap House
 23-Feb-15 12:00:00 AM +00:00,20.8, The Smoke Joint
 23-Feb-15 12:00:00 AM +00:00,5.05, KHIMS MILLENIUM VIII
 23-Feb-15 12:00:00 AM +00:00,-50, Online Transfer from SAV ...5125
 17-Feb-15 12:00:00 AM +00:00,10.09, OFFICE
 17-Feb-15 12:00:00 AM +00:00,8, Brooklyn Tap House
 17-Feb-15 12:00:00 AM +00:00,9, Venmo
 17-Feb-15 12:00:00 AM +00:00,12.65, Clinton Park Cafe
 13-Feb-15 12:00:00 AM +00:00,2, NON-CHASE ATM FEE-WITH
 13-Feb-15 12:00:00 AM +00:00,23, NON-CHASE ATM WITHDRAW 004628 02/1319 EAST 7
 13-Feb-15 12:00:00 AM +00:00,-65.85, PRATT INSTITUTE PAYROLL
 10-Feb-15 12:00:00 AM +00:00,10.22, Choice Market
 09-Feb-15 12:00:00 AM +00:00,19.88, Beast of Bourbon
 06-Feb-15 12:00:00 AM +00:00,7.85, Clinton Park Cafe
 05-Feb-15 12:00:00 AM +00:00,4.03, iTunes
 04-Feb-15 12:00:00 AM +00:00,9.8, Paradise Deli & Grocery
 03-Feb-15 12:00:00 AM +00:00,50, OMGFI-Kappa Sigma
 02-Feb-15 12:00:00 AM +00:00,-100, TRANSFER FROM CHK XXXXX5727
 29-Jan-15 12:00:00 AM +00:00,20, ATM WITHDRAWAL 004409 01/29402 MYRTL
 27-Jan-15 12:00:00 AM +00:00,50, OMGFI-Kappa Sigma
 23-Jan-15 12:00:00 AM +00:00,9.99, DROPBOX db.tt/cchelp
 22-Jan-15 12:00:00 AM +00:00,-50, ATM CASH DEPOSIT 01/22 402 MYRTLE AVE
 21-Jan-15 12:00:00 AM +00:00,7.56, Amazon
 20-Jan-15 12:00:00 AM +00:00,8, Day & Night Gourmet
 20-Jan-15 12:00:00 AM +00:00,10.39, SHOPRITE MT POCONO S1 MT
 20-Jan-15 12:00:00 AM +00:00,13.99, SHOPRITE MT POCONO S1 MT
 16-Jan-15 12:00:00 AM +00:00,10.09, OFFICE
 16-Jan-15 12:00:00 AM +00:00,-29.85, PRATT INSTITUTE PAYROLL
 16-Jan-15 12:00:00 AM +00:00,-40, ATM CASH DEPOSIT 01/16 34 DANBURY RD
 15-Jan-15 12:00:00 AM +00:00,65.57, Tabouli Grill
 14-Jan-15 12:00:00 AM +00:00,-7, ATM CASH DEPOSIT 01/14 402 MYRTLE AVE
 12-Jan-15 12:00:00 AM +00:00,27.6, MCFADDENS
 12-Jan-15 12:00:00 AM +00:00,-54, Online Transfer from SAV ...5125
 09-Jan-15 12:00:00 AM +00:00,2, NON-CHASE ATM FEE-WITH
 09-Jan-15 12:00:00 AM +00:00,23, NON-CHASE ATM WITHDRAW 551208 01/09235 MAIN
 08-Jan-15 12:00:00 AM +00:00,16, Wickenden Pub
 08-Jan-15 12:00:00 AM +00:00,25.6, Grad Center Bar
 07-Jan-15 12:00:00 AM +00:00,12.48, LOUIS FAMILY RESTAURAN
 06-Jan-15 12:00:00 AM +00:00,12.29, Als Warehouse Wine Beer & Liquor
 05-Jan-15 12:00:00 AM +00:00,2, NON-CHASE ATM FEE-WITH
 05-Jan-15 12:00:00 AM +00:00,28.87, GARYS WINE & MAR
 05-Jan-15 12:00:00 AM +00:00,4.03, iTunes
 05-Jan-15 12:00:00 AM +00:00,21.75, NON-CHASE ATM WITHDRAW 666847 01/04282 GREEN
 05-Jan-15 12:00:00 AM +00:00,20, JOHNNY UTAHS
 05-Jan-15 12:00:00 AM +00:00,7, The Ginger Man
 05-Jan-15 12:00:00 AM +00:00,6, Bradfords Grill & Tavern
 05-Jan-15 12:00:00 AM +00:00,15.31, Banana Republic
 05-Jan-15 12:00:00 AM +00:00,5.12, Orems Diner
 05-Jan-15 12:00:00 AM +00:00,11.34, SILVER STAR RESTAURANT
 02-Jan-15 12:00:00 AM +00:00,30.54, Chips Family Restaurant
 02-Jan-15 12:00:00 AM +00:00,56, The Tippler
 02-Jan-15 12:00:00 AM +00:00,8.17, WATCHALE LLC
 02-Jan-15 12:00:00 AM +00:00,43.51, ADVCDONLNE9724715400
 02-Jan-15 12:00:00 AM +00:00,-235.36, PRATT INSTITUTE PAYROLL
 02-Jan-15 12:00:00 AM +00:00,-100, TRANSFER FROM CHK XXXXX5727
 31-Dec-14 12:00:00 AM +00:00,7.07, TOTAL WINE AND MORE 15
 31-Dec-14 12:00:00 AM +00:00,6, Tavern on 7
 30-Dec-14 12:00:00 AM +00:00,150, WITHDRAWAL
 30-Dec-14 12:00:00 AM +00:00,-205, ATM CASH DEPOSIT 12/30 60 E 42ND ST
 29-Dec-14 12:00:00 AM +00:00,6.92, CUMBERLAND FA 91800259
 29-Dec-14 12:00:00 AM +00:00,6, Tavern on 7
 26-Dec-14 12:00:00 AM +00:00,7.97, Starbucks
 26-Dec-14 12:00:00 AM +00:00,3, Online Transfer to SAV ...5125
 24-Dec-14 12:00:00 AM +00:00,31.63, JCPenney
 24-Dec-14 12:00:00 AM +00:00,47.91, Moma Design Store
 24-Dec-14 12:00:00 AM +00:00,-35, Online Transfer from SAV ...5125
 23-Dec-14 12:00:00 AM +00:00,9.99, DROPBOX db.tt/cchelp
 23-Dec-14 12:00:00 AM +00:00,19.13, TOTAL WINE AND MORE 15
 23-Dec-14 12:00:00 AM +00:00,3.54, CULINART @ PRATT INSTI
 23-Dec-14 12:00:00 AM +00:00,30, HATIM MAKKI
 23-Dec-14 12:00:00 AM +00:00,5.32, CONNECTICUT COF
 23-Dec-14 12:00:00 AM +00:00,-5, Online Transfer from SAV ...5125
 22-Dec-14 12:00:00 AM +00:00,5.5, Bean Vault Coffee
 22-Dec-14 12:00:00 AM +00:00,6, MR SANDWICH 521B INC
 22-Dec-14 12:00:00 AM +00:00,-10, Online Transfer from SAV ...5125
 22-Dec-14 12:00:00 AM +00:00,-10, Online Transfer from SAV ...5125
 22-Dec-14 12:00:00 AM +00:00,-10, Online Transfer from SAV ...5125
 22-Dec-14 12:00:00 AM +00:00,-36, Online Transfer from SAV ...5125
 22-Dec-14 12:00:00 AM +00:00,-40, Online Transfer from SAV ...5125
 22-Dec-14 12:00:00 AM +00:00,-60, ATM CHECK DEPOSIT 12/22 33 OLD RIDGEFIELD RD
 19-Dec-14 12:00:00 AM +00:00,5.5, FARMERS GROCERY MARKET
 16-Dec-14 12:00:00 AM +00:00,6, FARMERS GROCERY MARKET
 15-Dec-14 12:00:00 AM +00:00,10.09, OFFICE
 15-Dec-14 12:00:00 AM +00:00,8.71, EMPIRE TOBACCO/521 MYR
 15-Dec-14 12:00:00 AM +00:00,22.26, 67 Burger
 15-Dec-14 12:00:00 AM +00:00,21.97, Brooklyn Tap House
 15-Dec-14 12:00:00 AM +00:00,8.71, EMPIRE TOBACCO/521 MYR
 12-Dec-14 12:00:00 AM +00:00,6.5, FARMERS GROCERY MARKET
 10-Dec-14 12:00:00 AM +00:00,6, FARMERS GROCERY MARKET
 10-Dec-14 12:00:00 AM +00:00,26, PRATT-INST.- PRATT CAR
 10-Dec-14 12:00:00 AM +00:00,25, PRATT-INST.- PRATT CAR
 09-Dec-14 12:00:00 AM +00:00,2, NON-CHASE ATM FEE-WITH
 09-Dec-14 12:00:00 AM +00:00,21.95, NON-CHASE ATM WITHDRAW 002174 12/09322 Dekal
 09-Dec-14 12:00:00 AM +00:00,10.9, Taqueria Tepango
 09-Dec-14 12:00:00 AM +00:00,13.4, Choice Market
 09-Dec-14 12:00:00 AM +00:00,3.21, CULINART @ PRATT INSTI
 08-Dec-14 12:00:00 AM +00:00,2, NON-CHASE ATM FEE-WITH
 08-Dec-14 12:00:00 AM +00:00,2, NON-CHASE ATM FEE-WITH
 08-Dec-14 12:00:00 AM +00:00,21.75, NON-CHASE ATM WITHDRAW 426506 12/07320 LAFAY
 08-Dec-14 12:00:00 AM +00:00,19.5, Aristo Gourmet Deli
 08-Dec-14 12:00:00 AM +00:00,11.52, Key Food Stores Co-op
 08-Dec-14 12:00:00 AM +00:00,5.31, FARMERS GROCERY MARKET
 08-Dec-14 12:00:00 AM +00:00,6.41, CULINART @ PRATT INSTI
 08-Dec-14 12:00:00 AM +00:00,21.95, NON-CHASE ATM WITHDRAW 002029 12/06322 Dekal
 08-Dec-14 12:00:00 AM +00:00,12.41, KHIMS MILLENIUM VIII
 08-Dec-14 12:00:00 AM +00:00,11.49, Day & Night Gourmet
 05-Dec-14 12:00:00 AM +00:00,19.07, FARMERS GROCERY MARKET
 05-Dec-14 12:00:00 AM +00:00,4.03, iTunes
 05-Dec-14 12:00:00 AM +00:00,-260.8, PRATT INSTITUTE PAYROLL
 04-Dec-14 12:00:00 AM +00:00,5.31, FARMERS GROCERY MARKET
 04-Dec-14 12:00:00 AM +00:00,25, PRATT-INST.- PRATT CAR
 01-Dec-14 12:00:00 AM +00:00,6, FARMERS GROCERY MARKET
 01-Dec-14 12:00:00 AM +00:00,8.71, EMPIRE TOBACCO/521 MYR
 01-Dec-14 12:00:00 AM +00:00,-5, Online Transfer from SAV ...5125
 01-Dec-14 12:00:00 AM +00:00,-5, Online Transfer from SAV ...5125
 01-Dec-14 12:00:00 AM +00:00,-100, TRANSFER FROM CHK XXXXX5727
 28-Nov-14 12:00:00 AM +00:00,26.75, Tavern on 7
 28-Nov-14 12:00:00 AM +00:00,-20, Online Transfer from SAV ...5125
 26-Nov-14 12:00:00 AM +00:00,3.5, ZAROS GRAND CENTRAL
 26-Nov-14 12:00:00 AM +00:00,-10, Online Transfer from SAV ...5125
 25-Nov-14 12:00:00 AM +00:00,6, FARMERS GROCERY MARKET
 25-Nov-14 12:00:00 AM +00:00,40, ATM WITHDRAWAL 007115 11/2526 ASTOR
 25-Nov-14 12:00:00 AM +00:00,7, Day & Night Gourmet
 24-Nov-14 12:00:00 AM +00:00,2, NON-CHASE ATM FEE-WITH
 24-Nov-14 12:00:00 AM +00:00,2, NON-CHASE ATM FEE-WITH
 24-Nov-14 12:00:00 AM +00:00,9.99, DROPBOX db.tt/cchelp
 24-Nov-14 12:00:00 AM +00:00,62, POSMAN BOOKS 81400012
 24-Nov-14 12:00:00 AM +00:00,21.75, NON-CHASE ATM WITHDRAW 003709 11/23301 FRANK
 24-Nov-14 12:00:00 AM +00:00,4.5, Pommes Frites
 24-Nov-14 12:00:00 AM +00:00,21.99, NON-CHASE ATM WITHDRAW 259984 11/222 ST. MAR
 24-Nov-14 12:00:00 AM +00:00,7.5, Day & Night Gourmet
 24-Nov-14 12:00:00 AM +00:00,11.45, Clinton Park Cafe
 24-Nov-14 12:00:00 AM +00:00,12.27, KHIMS MILLENIUM VIII
 24-Nov-14 12:00:00 AM +00:00,31.75, WICHCRAFT BRYANT PARK
 24-Nov-14 12:00:00 AM +00:00,6, Day & Night Gourmet
 21-Nov-14 12:00:00 AM +00:00,25.7, Cafe Lafayette
 21-Nov-14 12:00:00 AM +00:00,12.45, Clinton Park Cafe
 21-Nov-14 12:00:00 AM +00:00,-30, Deposit #770034
 21-Nov-14 12:00:00 AM +00:00,-252.2, PRATT INSTITUTE PAYROLL
 20-Nov-14 12:00:00 AM +00:00,7, FARMERS GROCERY MARKET
 20-Nov-14 12:00:00 AM +00:00,-5, Deposit #811986
 17-Nov-14 12:00:00 AM +00:00,10.09, OFFICE
 17-Nov-14 12:00:00 AM +00:00,6, FARMERS GROCERY MARKET
 17-Nov-14 12:00:00 AM +00:00,1.63, C-Town Supermarkets
 17-Nov-14 12:00:00 AM +00:00,11.5, CENTER WORLD CAR SVC LONG ISLAND C
 14-Nov-14 12:00:00 AM +00:00,20, ATM WITHDRAWAL 001311 11/14975 BEDFO
 14-Nov-14 12:00:00 AM +00:00,5.5, FARMERS GROCERY MARKET
 12-Nov-14 12:00:00 AM +00:00,24.5, Brooklyn Tap House
 10-Nov-14 12:00:00 AM +00:00,6, FARMERS GROCERY MARKET
 10-Nov-14 12:00:00 AM +00:00,70.77, LONG BOARD LOFT/132 AL
 10-Nov-14 12:00:00 AM +00:00,17.01, KHIMS MILLENIUM VIII
 10-Nov-14 12:00:00 AM +00:00,7.84, Starbucks
 10-Nov-14 12:00:00 AM +00:00,7.72, Bergen Bagels On Myrtle
 10-Nov-14 12:00:00 AM +00:00,25.62, KHIMS MILLENIUM VIII
 07-Nov-14 12:00:00 AM +00:00,2, NON-CHASE ATM FEE-WITH
 07-Nov-14 12:00:00 AM +00:00,21.85, NON-CHASE ATM WITHDRAW 000849 11/07328 DEKAL
 07-Nov-14 12:00:00 AM +00:00,-252.2, PRATT INSTITUTE PAYROLL
 06-Nov-14 12:00:00 AM +00:00,6, FARMERS GROCERY MARKET
 06-Nov-14 12:00:00 AM +00:00,90, LUCKY E DISCOUNT INC.
 05-Nov-14 12:00:00 AM +00:00,4.03, iTunes
 04-Nov-14 12:00:00 AM +00:00,8.71, EMPIRE TOBACCO/521 MYR
 04-Nov-14 12:00:00 AM +00:00,-10, Online Transfer from SAV ...5125
 03-Nov-14 12:00:00 AM +00:00,7.4, FARMERS GROCERY MARKET
 03-Nov-14 12:00:00 AM +00:00,25, PRATT-INST.- PRATT CAR
 03-Nov-14 12:00:00 AM +00:00,5.5, FARMERS GROCERY MARKET
 03-Nov-14 12:00:00 AM +00:00,17.96, 67 Burger
 03-Nov-14 12:00:00 AM +00:00,11.18, KHIMS MILLENIUM VIII
 03-Nov-14 12:00:00 AM +00:00,-20, Online Transfer from SAV ...5125
 03-Nov-14 12:00:00 AM +00:00,-25, Online Transfer from SAV ...5125
 03-Nov-14 12:00:00 AM +00:00,-100, TRANSFER FROM CHK XXXXX5727
 31-Oct-14 12:00:00 AM +00:00,5.43, DUNKIN #352504 Q35
 30-Oct-14 12:00:00 AM +00:00,25, PRATT-INST.- PRATT CAR
 30-Oct-14 12:00:00 AM +00:00,5.43, DUNKIN #352504 Q35
 29-Oct-14 12:00:00 AM +00:00,36.43, Brooklyn Tap House
 27-Oct-14 12:00:00 AM +00:00,7.62, EMPIRE TOBACCO/521 MYR
 27-Oct-14 12:00:00 AM +00:00,6.35, CARVINGS
 27-Oct-14 12:00:00 AM +00:00,17.94, 7-Eleven
 27-Oct-14 12:00:00 AM +00:00,6.14, CARVINGS
 27-Oct-14 12:00:00 AM +00:00,14.58, Sundevich
 27-Oct-14 12:00:00 AM +00:00,17.4, DC TAXI C874 LONG ISLAND
 27-Oct-14 12:00:00 AM +00:00,10, WASH METRORAIL
 27-Oct-14 12:00:00 AM +00:00,8.07, CARVINGS
 27-Oct-14 12:00:00 AM +00:00,12.27, KHIMS MILLENIUM VIII
 27-Oct-14 12:00:00 AM +00:00,25, PRATT-INST.- PRATT CAR
 24-Oct-14 12:00:00 AM +00:00,25, PRATT-INST.- PRATT CAR
 24-Oct-14 12:00:00 AM +00:00,-217.8, PRATT INSTITUTE PAYROLL
 23-Oct-14 12:00:00 AM +00:00,9.99, DROPBOX db.tt/cchelp
 23-Oct-14 12:00:00 AM +00:00,-15, Online Transfer from SAV ...5125
 21-Oct-14 12:00:00 AM +00:00,9.8, Paradise Deli & Grocery
 21-Oct-14 12:00:00 AM +00:00,21.2, PUTNAM?S
 20-Oct-14 12:00:00 AM +00:00,10.89, EMPIRE TOBACCO/521 MYR
 20-Oct-14 12:00:00 AM +00:00,6.1, Bergen Bagels On Myrtle
 20-Oct-14 12:00:00 AM +00:00,16.88, Corkscrew Br-1410182352
 20-Oct-14 12:00:00 AM +00:00,11.85, Choice Market
 20-Oct-14 12:00:00 AM +00:00,7, Day & Night Gourmet
 20-Oct-14 12:00:00 AM +00:00,-15, Online Transfer from SAV ...5125
 20-Oct-14 12:00:00 AM +00:00,-20, Online Transfer from SAV ...5125
 20-Oct-14 12:00:00 AM +00:00,-20, Online Transfer from SAV ...5125
 20-Oct-14 12:00:00 AM +00:00,-50, Online Transfer from SAV ...5125
 17-Oct-14 12:00:00 AM +00:00,5.43, DUNKIN #352504 Q35
 16-Oct-14 12:00:00 AM +00:00,10.09, OFFICE
 15-Oct-14 12:00:00 AM +00:00,8.71, EMPIRE TOBACCO/521 MYR
 15-Oct-14 12:00:00 AM +00:00,7, FARMERS GROCERY MARKET
 15-Oct-14 12:00:00 AM +00:00,65.31, WIRELESS ON COLUMBUS
 14-Oct-14 12:00:00 AM +00:00,2, NON-CHASE ATM FEE-WITH
 14-Oct-14 12:00:00 AM +00:00,31.2, New York City Taxi
 14-Oct-14 12:00:00 AM +00:00,7.71, CONNECTICUT COF
 14-Oct-14 12:00:00 AM +00:00,2.75, ZAROS GRAND CENTRAL
 14-Oct-14 12:00:00 AM +00:00,4, Frankies Dogs on the Go
 14-Oct-14 12:00:00 AM +00:00,11.25, Metropolitan Transportation Authority
 14-Oct-14 12:00:00 AM +00:00,41.85, NON-CHASE ATM WITHDRAW 009971 10/12328 DEKAL
 14-Oct-14 12:00:00 AM +00:00,14.45, Clinton Park Cafe
 14-Oct-14 12:00:00 AM +00:00,8.71, EMPIRE TOBACCO/521 MYR
 14-Oct-14 12:00:00 AM +00:00,11.96, Key Food Stores Co-op
 14-Oct-14 12:00:00 AM +00:00,7.82, DUNKIN #352504 Q35
 14-Oct-14 12:00:00 AM +00:00,9.35, NYC SHL AE339 LONG ISLAND C
 14-Oct-14 12:00:00 AM +00:00,31.57, Paradise Deli & Grocery
 14-Oct-14 12:00:00 AM +00:00,21.33, Roebling Tea Room
 14-Oct-14 12:00:00 AM +00:00,10, MINI MARKET GRAB AND GO
 14-Oct-14 12:00:00 AM +00:00,46.75, New York City Taxi
 14-Oct-14 12:00:00 AM +00:00,5.43, DUNKIN #352504 Q35
 10-Oct-14 12:00:00 AM +00:00,-299.3, ATM CHECK DEPOSIT 10/10 402 MYRTLE AVE
 09-Oct-14 12:00:00 AM +00:00,14.7, Paradise Deli & Grocery
 08-Oct-14 12:00:00 AM +00:00,7.5, FARMERS GROCERY MARKET
 07-Oct-14 12:00:00 AM +00:00,5.43, DUNKIN #352504 Q35
 07-Oct-14 12:00:00 AM +00:00,13.35, KHIMS MILLENIUM VIII
 06-Oct-14 12:00:00 AM +00:00,6, FARMERS GROCERY MARKET
 06-Oct-14 12:00:00 AM +00:00,25, PRATT-INST.- PRATT CAR
 06-Oct-14 12:00:00 AM +00:00,130, Online Transfer to SAV ...5125
 06-Oct-14 12:00:00 AM +00:00,14.15, Paradise Deli & Grocery
 06-Oct-14 12:00:00 AM +00:00,4.03, iTunes
 06-Oct-14 12:00:00 AM +00:00,20, ATM WITHDRAWAL 001469 10/0426 ASTOR
 06-Oct-14 12:00:00 AM +00:00,20, ATM WITHDRAWAL 001468 10/0426 ASTOR
 06-Oct-14 12:00:00 AM +00:00,10, RADEGAST HALL & BEER GA
 06-Oct-14 12:00:00 AM +00:00,21, RADEGAST HALL & BEER GA
 06-Oct-14 12:00:00 AM +00:00,7.24, KHIMS MILLENIUM VIII
 06-Oct-14 12:00:00 AM +00:00,-242.65, ATM CHECK DEPOSIT 10/05 402 MYRTLE AVE
 03-Oct-14 12:00:00 AM +00:00,6, FARMERS GROCERY MARKET
 03-Oct-14 12:00:00 AM +00:00,14.88, NYC LPEP LONG ISLAND C
 02-Oct-14 12:00:00 AM +00:00,18.75, AK US Group Corp
 02-Oct-14 12:00:00 AM +00:00,2.25, KHIMS MILLENIUM VIII
 02-Oct-14 12:00:00 AM +00:00,13.34, KHIMS MILLENIUM VIII
 01-Oct-14 12:00:00 AM +00:00,-100, TRANSFER FROM CHK XXXXX5727
 30-Sep-14 12:00:00 AM +00:00,5.43, DUNKIN #352504 Q35
 29-Sep-14 12:00:00 AM +00:00,5, FARMERS GROCERY MARKET
 29-Sep-14 12:00:00 AM +00:00,-75, ATM CASH DEPOSIT 09/29 231 GRAND ST
 29-Sep-14 12:00:00 AM +00:00,8.7, LUCKY E DISCOUNT INC.
