 09-Oct-16 12:00:00 AM +00:00,2.55, MODERN PARKING LOC 62,,
 09-Oct-16 12:00:00 AM +00:00,29.43, Potted,,
 09-Oct-16 12:00:00 AM +00:00,16.05, Postmates,,
 09-Oct-16 12:00:00 AM +00:00,4.99, PLEXINCPASS MONTHLY,,
 07-Oct-16 12:00:00 AM +00:00,1, LA CITY PARKING METER,,
 07-Oct-16 12:00:00 AM +00:00,76.43, Costco,,
 06-Oct-16 12:00:00 AM +00:00,10.12, YOSHINOYA PASADENA,,
 06-Oct-16 12:00:00 AM +00:00,6, COGNOSCENTI COFFEE,,
 06-Oct-16 12:00:00 AM +00:00,2.73, Habitat Coffee,,
 06-Oct-16 12:00:00 AM +00:00,37, LEADPAGES,,
 06-Oct-16 12:00:00 AM +00:00,4.91, Habitat Coffee,,
 06-Oct-16 12:00:00 AM +00:00,4, COGNOSCENTI COFFEE,,
 05-Oct-16 12:00:00 AM +00:00,5.26, In-N-Out Burger,,
 05-Oct-16 12:00:00 AM +00:00,12.38, Jamba Juice,,
 05-Oct-16 12:00:00 AM +00:00,13.03, In-N-Out Burger,,
 05-Oct-16 12:00:00 AM +00:00,8.44, Go Fresh Natural Inc,,
 04-Oct-16 12:00:00 AM +00:00,3, Blue Bottle Coffee Co,,
 03-Oct-16 12:00:00 AM +00:00,4.94, Chevron,,
 03-Oct-16 12:00:00 AM +00:00,2.54, Amazon,,
 03-Oct-16 12:00:00 AM +00:00,9.53, STICKHOUSE,,
 03-Oct-16 12:00:00 AM +00:00,1.25, CITYMB-PKG-IPS,,
 03-Oct-16 12:00:00 AM +00:00,42.64, Chevron,,
 03-Oct-16 12:00:00 AM +00:00,17.39, UBER *US SEP30 4TC2D,,
 02-Oct-16 12:00:00 AM +00:00,7, Blue Bottle Coffee Co,,
 02-Oct-16 12:00:00 AM +00:00,3, Eightfold Coffee,,
 02-Oct-16 12:00:00 AM +00:00,5, UBER *US SEP30 QUIRH,,
 30-Sep-16 12:00:00 AM +00:00,119.98, Charter Communications,,
 30-Sep-16 12:00:00 AM +00:00,-69.99, DNH*GODADDY.COM,,
 29-Sep-16 12:00:00 AM +00:00,0.25, UBER *US SEP28 UCPYA,,
 29-Sep-16 12:00:00 AM +00:00,16.74, Los Agaves Restaurant,,
 29-Sep-16 12:00:00 AM +00:00,93.65, Costco,,
 28-Sep-16 12:00:00 AM +00:00,55, Amtrak,,
 28-Sep-16 12:00:00 AM +00:00,4.31, REBAR COFFEE,,
 28-Sep-16 12:00:00 AM +00:00,4, Chimney Coffee House,,
 28-Sep-16 12:00:00 AM +00:00,40, METRO EXPRESS LANES,,
 28-Sep-16 12:00:00 AM +00:00,-2475.21, AUTOMATIC PAYMENT - THANK,,
 27-Sep-16 12:00:00 AM +00:00,11.06, Postmates,,
 27-Sep-16 12:00:00 AM +00:00,20.1, Chevron,,
 27-Sep-16 12:00:00 AM +00:00,14.72, OLEEGO_CHINA TOWN,,
 25-Sep-16 12:00:00 AM +00:00,9.99, SUPERNEWS,,
 25-Sep-16 12:00:00 AM +00:00,19.95, TRAVELINGMAILBOX.COM,,
 23-Sep-16 12:00:00 AM +00:00,25.5, XERO INC,,
 23-Sep-16 12:00:00 AM +00:00,4.36, AMERICAN TEA ROOM GOS,,
 23-Sep-16 12:00:00 AM +00:00,69.99, DNH*GODADDY.COM,,
 23-Sep-16 12:00:00 AM +00:00,1.66, UBER *US SEP22 RPNM2,,
 23-Sep-16 12:00:00 AM +00:00,10.87, NAME-CHEAP.COM NAME-CH,,
 23-Sep-16 12:00:00 AM +00:00,14.72, Oleego,,
 21-Sep-16 12:00:00 AM +00:00,4, LAZY BREWING COMPANY,,
 20-Sep-16 12:00:00 AM +00:00,5.45, AMERICAN TEA ROOM GOS,,
 20-Sep-16 12:00:00 AM +00:00,37.37, Jack N Jills Too,,
 19-Sep-16 12:00:00 AM +00:00,0.68, UBER *US SEP18 KBUFA,,
 19-Sep-16 12:00:00 AM +00:00,14.16, The Hungry Pig,,
 18-Sep-16 12:00:00 AM +00:00,21.74, BRITTS BBQ,,
 18-Sep-16 12:00:00 AM +00:00,122.75, Costco,,
 18-Sep-16 12:00:00 AM +00:00,14.99, Spotify,,
 16-Sep-16 12:00:00 AM +00:00,10.57, Postmates,,
 16-Sep-16 12:00:00 AM +00:00,10.9, TEXAS BEST BBQ,,
 16-Sep-16 12:00:00 AM +00:00,10.9, TEXAS BEST BBQ,,
 15-Sep-16 12:00:00 AM +00:00,5.5, PHILZ COFFEE,,
 15-Sep-16 12:00:00 AM +00:00,9, KOROBOKGUR,,
 14-Sep-16 12:00:00 AM +00:00,11.94, Indus,,
 14-Sep-16 12:00:00 AM +00:00,49, NUGGET SM49,,
 14-Sep-16 12:00:00 AM +00:00,14.02, Postmates,,
 13-Sep-16 12:00:00 AM +00:00,6.31, DU CHENG,,
 13-Sep-16 12:00:00 AM +00:00,21.95, T-Mobile,,
 13-Sep-16 12:00:00 AM +00:00,6, SHEN HENG CHANG 00264,,
 13-Sep-16 12:00:00 AM +00:00,12.95, EXPRESSVPN,,
 13-Sep-16 12:00:00 AM +00:00,5.13, UBER *US SEP12 HCVQ6,,
 13-Sep-16 12:00:00 AM +00:00,4.99, PLEXINCPASS MONTHLY,,
 12-Sep-16 12:00:00 AM +00:00,43.14, SH SOGO SHANGHAI CN,,
 12-Sep-16 12:00:00 AM +00:00,14.98, SHEN XI GUO JI,,
 11-Sep-16 12:00:00 AM +00:00,33.55, SUZHOU DE YUE LOU CAN Y,,
 11-Sep-16 12:00:00 AM +00:00,21.11, AIP*ZJWPJ Company,,
 11-Sep-16 12:00:00 AM +00:00,4.99, iTunes,,
 11-Sep-16 12:00:00 AM +00:00,9.99, Dropbox*3MJK42KMH8T2,,
 09-Sep-16 12:00:00 AM +00:00,25.51, SH INTEL THEME PARK CO. L,,
 09-Sep-16 12:00:00 AM +00:00,55.53, SH INTEL THEME PARK CO. L,,
 09-Sep-16 12:00:00 AM +00:00,1.5, SH INTEL THEME PARK CO. L,,
 09-Sep-16 12:00:00 AM +00:00,12.01, SH INTEL THEME PARK CO. L,,
 08-Sep-16 12:00:00 AM +00:00,12.64, CHINA UNICOM (HK) OP03300,,
 08-Sep-16 12:00:00 AM +00:00,69.78, CHINALINK BUS CO LTD00205,,
 08-Sep-16 12:00:00 AM +00:00,23.1, MANNINGS - ELEMENTS,,
 07-Sep-16 12:00:00 AM +00:00,61.02, YYTEAHOUSE,,
 07-Sep-16 12:00:00 AM +00:00,17.8, 7-Eleven,,
 04-Sep-16 12:00:00 AM +00:00,58.7, SHINYEH,,
 02-Sep-16 12:00:00 AM +00:00,21.95, T-Mobile,,
 31-Aug-16 12:00:00 AM +00:00,15, LEANPUB,,
 31-Aug-16 12:00:00 AM +00:00,4.36, Verve Coffee Roasters,,
 30-Aug-16 12:00:00 AM +00:00,3.5, Coca Cola Enterprises,,
 29-Aug-16 12:00:00 AM +00:00,21.9, La Playa Azul Cafe,,
 28-Aug-16 12:00:00 AM +00:00,38.15, ExxonMobil,,
 28-Aug-16 12:00:00 AM +00:00,29, PRODUCTPEOPLE.CLUB,,
 28-Aug-16 12:00:00 AM +00:00,2.55, MODERN PARKING LOC 62,,
 28-Aug-16 12:00:00 AM +00:00,15.48, Chipotle Mexican Grill,,
 28-Aug-16 12:00:00 AM +00:00,2.25, Amtrak,,
 28-Aug-16 12:00:00 AM +00:00,-2876.52, AUTOMATIC PAYMENT - THANK,,
 28-Aug-16 12:00:00 AM +00:00,89.61, Costco,,
 26-Aug-16 12:00:00 AM +00:00,16.68, LANKERSHIM LOCK & KEY,,
 26-Aug-16 12:00:00 AM +00:00,4, The Wheelhouse,,
 24-Aug-16 12:00:00 AM +00:00,25.5, XERO INC,,
 24-Aug-16 12:00:00 AM +00:00,19.95, TRAVELINGMAILBOX.COM,,
 23-Aug-16 12:00:00 AM +00:00,9.99, SUPERNEWS,,
 23-Aug-16 12:00:00 AM +00:00,1.03, Yogurtland,,
 22-Aug-16 12:00:00 AM +00:00,10.89, L.A. Cafe,,
 22-Aug-16 12:00:00 AM +00:00,12.1, Home Depot,,
 21-Aug-16 12:00:00 AM +00:00,92.65, BILL PAYMENT,,
 21-Aug-16 12:00:00 AM +00:00,252.78, Agoda Reservation,,
 21-Aug-16 12:00:00 AM +00:00,4.5, Bird Pick Tea & Herb,,
 21-Aug-16 12:00:00 AM +00:00,3.99, REDDIT.COM,,
 19-Aug-16 12:00:00 AM +00:00,20.2, Postmates,,
 19-Aug-16 12:00:00 AM +00:00,4, Awesome Coffee Shop,,
 19-Aug-16 12:00:00 AM +00:00,61.97, Home Depot,,
 18-Aug-16 12:00:00 AM +00:00,59.99, Charter Communications,,
 18-Aug-16 12:00:00 AM +00:00,1069.33, OTEL.COM,,
 17-Aug-16 12:00:00 AM +00:00,-11, Uber,,
 17-Aug-16 12:00:00 AM +00:00,14.99, Spotify,,
 17-Aug-16 12:00:00 AM +00:00,-11, Uber,,
 17-Aug-16 12:00:00 AM +00:00,-11, Uber,,
 17-Aug-16 12:00:00 AM +00:00,11.88, Matiki Island Barbeque,,
 17-Aug-16 12:00:00 AM +00:00,-11, Uber,,
 17-Aug-16 12:00:00 AM +00:00,-10.95, Uber,,
 15-Aug-16 12:00:00 AM +00:00,24.3, Matiki Island Barbeque,,
 15-Aug-16 12:00:00 AM +00:00,13.37, Postmates,,
 15-Aug-16 12:00:00 AM +00:00,150, Office Depot,,
 15-Aug-16 12:00:00 AM +00:00,3, ATHENA PARKING GRAND CEN,,
 15-Aug-16 12:00:00 AM +00:00,2.16, Matiki Island Barbeque,,
 14-Aug-16 12:00:00 AM +00:00,45.26, Chevron,,
 14-Aug-16 12:00:00 AM +00:00,3, ATHENA PARKING GRAND CEN,,
 12-Aug-16 12:00:00 AM +00:00,67.66, Costco,,
 11-Aug-16 12:00:00 AM +00:00,11, UBER *US AUG10 EVQ3C,,
 11-Aug-16 12:00:00 AM +00:00,11, UBER *US AUG10 CCZX3,,
 11-Aug-16 12:00:00 AM +00:00,10.95, UBER *US AUG10 WO6TU,,
 11-Aug-16 12:00:00 AM +00:00,11, UBER *US AUG10 NC4TN,,
 11-Aug-16 12:00:00 AM +00:00,11, UBER *US AUG10 U3MZ7,,
 10-Aug-16 12:00:00 AM +00:00,7.63, Berlin Currywurst,,
 10-Aug-16 12:00:00 AM +00:00,7.5, Cafe Mak,,
 10-Aug-16 12:00:00 AM +00:00,13.03, Horse Thief,,
 10-Aug-16 12:00:00 AM +00:00,0.13, Amazon,,
 10-Aug-16 12:00:00 AM +00:00,3.82, Impress,,
 10-Aug-16 12:00:00 AM +00:00,9.99, Dropbox*JVDK3JM6V1JJ,,
 10-Aug-16 12:00:00 AM +00:00,25, GITHUB.COM 7D9J5,,
 09-Aug-16 12:00:00 AM +00:00,20, TOFU AND NOODLE,,
 08-Aug-16 12:00:00 AM +00:00,4.99, PLEXINCPASS MONTHLY,,
 08-Aug-16 12:00:00 AM +00:00,10, Panda Express,,
 07-Aug-16 12:00:00 AM +00:00,8, Panda Express,,
 07-Aug-16 12:00:00 AM +00:00,2.55, MODERN PARKING LOC 62,,
 07-Aug-16 12:00:00 AM +00:00,-10.53, Home Depot,,
 05-Aug-16 12:00:00 AM +00:00,0.5, LA CITY PARKING METER,,
 04-Aug-16 12:00:00 AM +00:00,13.37, Postmates,,
 03-Aug-16 12:00:00 AM +00:00,37.45, Little Sister,,
 02-Aug-16 12:00:00 AM +00:00,4.36, Verve Coffee Roasters,,
 02-Aug-16 12:00:00 AM +00:00,10.78, Shake Shack,,
 02-Aug-16 12:00:00 AM +00:00,4, Lazy Brewing Company,,
 02-Aug-16 12:00:00 AM +00:00,30, DIGITALOCEAN.COM,,
 02-Aug-16 12:00:00 AM +00:00,4, Lazy Brewing Company,,
 01-Aug-16 12:00:00 AM +00:00,8.63, 5GUYS 1305 QSR,,
 31-Jul-16 12:00:00 AM +00:00,0.99, iTunes,,
 31-Jul-16 12:00:00 AM +00:00,16.64, Postmates,,
 31-Jul-16 12:00:00 AM +00:00,4.36, Impress,,
 31-Jul-16 12:00:00 AM +00:00,927.04, Office Depot,,
 29-Jul-16 12:00:00 AM +00:00,115.42, Costco,,
 28-Jul-16 12:00:00 AM +00:00,-2885.11, AUTOMATIC PAYMENT - THANK,,
 28-Jul-16 12:00:00 AM +00:00,9.99, Spotify,,
 27-Jul-16 12:00:00 AM +00:00,2.42, 7-Eleven,,
 27-Jul-16 12:00:00 AM +00:00,41.79, 76 - ARCADIA OIL INC,,
 26-Jul-16 12:00:00 AM +00:00,10, UPS,,
 25-Jul-16 12:00:00 AM +00:00,1.12, UBER *US JUL23 LAY3B,,
 25-Jul-16 12:00:00 AM +00:00,2.9, UBER *US JUL23 CPL6R,,
 25-Jul-16 12:00:00 AM +00:00,49.55, Bludsos Bar & Que,,
 25-Jul-16 12:00:00 AM +00:00,5, UBER *US JUL23 NT723,,
 25-Jul-16 12:00:00 AM +00:00,8, 6th Street Market,,
 25-Jul-16 12:00:00 AM +00:00,4.93, UBER *US JUL23 TBOM2,,
 24-Jul-16 12:00:00 AM +00:00,3.15, Groundwork Coffee,,
 24-Jul-16 12:00:00 AM +00:00,9.99, SUPERNEWS,,
 24-Jul-16 12:00:00 AM +00:00,19.95, TRAVELINGMAILBOX.COM,,
 22-Jul-16 12:00:00 AM +00:00,25.5, XERO INC,,
 21-Jul-16 12:00:00 AM +00:00,22.95, Faschings Car Wash,,
 21-Jul-16 12:00:00 AM +00:00,8, Diamond Parking,,
 21-Jul-16 12:00:00 AM +00:00,4.5, Philz Coffee,,
 21-Jul-16 12:00:00 AM +00:00,12.86, Chipotle Mexican Grill,,
 19-Jul-16 12:00:00 AM +00:00,118.75, Costco,,
 19-Jul-16 12:00:00 AM +00:00,84.43, BILL PAYMENT,,
 19-Jul-16 12:00:00 AM +00:00,59.99, Charter Communications,,
 19-Jul-16 12:00:00 AM +00:00,13.37, Postmates,,
 17-Jul-16 12:00:00 AM +00:00,29.71, NAME-CHEAP.COM NAME-CH,,
 17-Jul-16 12:00:00 AM +00:00,1.7, MODERN PARKING LOC 62,,
 15-Jul-16 12:00:00 AM +00:00,42.04, Chevron,,
 15-Jul-16 12:00:00 AM +00:00,5, Amazon,,
 14-Jul-16 12:00:00 AM +00:00,2.99, iTunes,,
 14-Jul-16 12:00:00 AM +00:00,4.95, In-N-Out Burger,,
 14-Jul-16 12:00:00 AM +00:00,4, Cognoscenti Coffee,,
 13-Jul-16 12:00:00 AM +00:00,8.32, Chipotle Mexican Grill,,
 13-Jul-16 12:00:00 AM +00:00,140.39, Amazon,,
 12-Jul-16 12:00:00 AM +00:00,5.15, UBER *US JUL11 K6IX5,,
 12-Jul-16 12:00:00 AM +00:00,4.25, Document Coffee Bar,,
 11-Jul-16 12:00:00 AM +00:00,6, Alchemist Coffee Project,,
 10-Jul-16 12:00:00 AM +00:00,3.59, Coffee Bean & Tea Leaf,,
 10-Jul-16 12:00:00 AM +00:00,25, GITHUB.COM 7D9J5,,
 10-Jul-16 12:00:00 AM +00:00,9.99, Dropbox*2S9QXMDFRWTQ,,
 10-Jul-16 12:00:00 AM +00:00,34.72, MCMASTER-CARR,,
 08-Jul-16 12:00:00 AM +00:00,4.99, PLEXINCPASS MONTHLY,,
 08-Jul-16 12:00:00 AM +00:00,11.47, Postmates,,
 07-Jul-16 12:00:00 AM +00:00,69.32, Costco,,
 07-Jul-16 12:00:00 AM +00:00,820, CHINA EASTE 7818152350781,,
 07-Jul-16 12:00:00 AM +00:00,11.74, Baja Fresh,,
 06-Jul-16 12:00:00 AM +00:00,22.54, Ralphs,,
 03-Jul-16 12:00:00 AM +00:00,10, DIGITALOCEAN.COM,,
 30-Jun-16 12:00:00 AM +00:00,10.82, Postmates,,
 29-Jun-16 12:00:00 AM +00:00,17.04, Home Depot,,
 29-Jun-16 12:00:00 AM +00:00,4.36, Impress,,
 28-Jun-16 12:00:00 AM +00:00,9.99, Spotify,,
 28-Jun-16 12:00:00 AM +00:00,8, Panda Express,,
 26-Jun-16 12:00:00 AM +00:00,5.1, MODERN PARKING LOC 62,,
 24-Jun-16 12:00:00 AM +00:00,2.5, Coffee Bean,,
 24-Jun-16 12:00:00 AM +00:00,8.39, Chipotle Mexican Grill,,
 24-Jun-16 12:00:00 AM +00:00,22.3,76,,
 23-Jun-16 12:00:00 AM +00:00,6.54, The springs,,
 23-Jun-16 12:00:00 AM +00:00,9.99, SUPERNEWS,,
 22-Jun-16 12:00:00 AM +00:00,3.5, CAFFE BENE,,
 21-Jun-16 12:00:00 AM +00:00,17.83, Postmates,,
 21-Jun-16 12:00:00 AM +00:00,13.19, XERO INC,,
 20-Jun-16 12:00:00 AM +00:00,15.8, Jist,,
 20-Jun-16 12:00:00 AM +00:00,5.99, CODE 42 SOFTWARE INC,,
 20-Jun-16 12:00:00 AM +00:00,900, Office Depot,,
 19-Jun-16 12:00:00 AM +00:00,4.36, American Tea Room,,
 19-Jun-16 12:00:00 AM +00:00,-6567.86, Payment Thank You - Web,,
 19-Jun-16 12:00:00 AM +00:00,177.7, BILL PAYMENT,,
 19-Jun-16 12:00:00 AM +00:00,59.99, Charter Communications,,
 17-Jun-16 12:00:00 AM +00:00,80.87, UBER *JUN15 US I6HPU,,
 17-Jun-16 12:00:00 AM +00:00,122.9, Kang Ho Dong Baek Jeong,,
 17-Jun-16 12:00:00 AM +00:00,107.38, Amazon,,
 16-Jun-16 12:00:00 AM +00:00,32, DYN*DYN.COM/CHARGE,,
 16-Jun-16 12:00:00 AM +00:00,-58.37, MCMASTER-CARR,,
 16-Jun-16 12:00:00 AM +00:00,-30.01, MCMASTER-CARR,,
 16-Jun-16 12:00:00 AM +00:00,3, Groundwork Coffee,,
 14-Jun-16 12:00:00 AM +00:00,9, WORLD JOURNAL SUB,,
 14-Jun-16 12:00:00 AM +00:00,64.99, AGILEBITS INC.,,
 14-Jun-16 12:00:00 AM +00:00,3, Portola Coffee Lab,,
 14-Jun-16 12:00:00 AM +00:00,57, The Briks,,
 14-Jun-16 12:00:00 AM +00:00,15.34, Chipotle Mexican Grill,,
 13-Jun-16 12:00:00 AM +00:00,37.78, Bed Bath & Beyond,,
 13-Jun-16 12:00:00 AM +00:00,21.79, Bed Bath & Beyond,,
 13-Jun-16 12:00:00 AM +00:00,24.9, Postmates,,
 13-Jun-16 12:00:00 AM +00:00,4.86, In-N-Out Burger,,
 13-Jun-16 12:00:00 AM +00:00,72.19, Home Depot,,
 13-Jun-16 12:00:00 AM +00:00,168.3, CONTAINERSTORECOSTAMES,,
 12-Jun-16 12:00:00 AM +00:00,32.88, NAME-CHEAP.COM NAME-CH,,
 12-Jun-16 12:00:00 AM +00:00,12.64, Chipotle Mexican Grill,,
 12-Jun-16 12:00:00 AM +00:00,4, The Wheelhouse,,
 10-Jun-16 12:00:00 AM +00:00,25, GITHUB.COM 7D9J5,,
 10-Jun-16 12:00:00 AM +00:00,12.25, NAME-CHEAP.COM NAME-CH,,
 09-Jun-16 12:00:00 AM +00:00,42.5, Etsy,,
 08-Jun-16 12:00:00 AM +00:00,55, Amtrak,,
 08-Jun-16 12:00:00 AM +00:00,500, Costco,,
 08-Jun-16 12:00:00 AM +00:00,4.99, PLEXINCPASS MONTHLY,,
 07-Jun-16 12:00:00 AM +00:00,123, STATE OF CALIF DMV INT,,
 06-Jun-16 12:00:00 AM +00:00,19.18, Wurstkuche - Downtown,,
 06-Jun-16 12:00:00 AM +00:00,9, eighty two arcade and bar,,
 06-Jun-16 12:00:00 AM +00:00,41.67, Target,,
 06-Jun-16 12:00:00 AM +00:00,65.41, H Mart,,
 06-Jun-16 12:00:00 AM +00:00,11.86, IKEA,,
 06-Jun-16 12:00:00 AM +00:00,100.85, CONTAINERSTORECOSTAMES,,
 06-Jun-16 12:00:00 AM +00:00,7.52, UBER *JUN05 US ZX3TS,,
 06-Jun-16 12:00:00 AM +00:00,8, Angel City Brewery,,
 05-Jun-16 12:00:00 AM +00:00,15, Sheridan Books Inc,,
 05-Jun-16 12:00:00 AM +00:00,44.84, Chevron,,
 03-Jun-16 12:00:00 AM +00:00,3.82, Regent Coffee,,
 03-Jun-16 12:00:00 AM +00:00,3.43, Green Door Powered by Intelligentsia,,
 02-Jun-16 12:00:00 AM +00:00,6.08, Whole Foods,,
 02-Jun-16 12:00:00 AM +00:00,11.47, Postmates,,
 01-Jun-16 12:00:00 AM +00:00,4.5, Dinosaur Coffee,,
 01-Jun-16 12:00:00 AM +00:00,13.35, Chipotle Mexican Grill,,
 31-May-16 12:00:00 AM +00:00,11.98, Ralphs,,
 31-May-16 12:00:00 AM +00:00,21.71, DOVE AND OLIVE HOTEL,,
 31-May-16 12:00:00 AM +00:00,3.62, CARREFOUR EXPRESS PT,,
 31-May-16 12:00:00 AM +00:00,7.24, HYDE PARK BARRACKS,,
 31-May-16 12:00:00 AM +00:00,6.84, FERREIRA BROS PL MAN,,
 31-May-16 12:00:00 AM +00:00,21.41, BAVARIAN BIER CAFE -,,
 31-May-16 12:00:00 AM +00:00,5.31, PRODUCE PIER B SYD,,
 31-May-16 12:00:00 AM +00:00,9.34, AIRPORT RETAIL ENTER,,
 31-May-16 12:00:00 AM +00:00,15.2, DOVE AND OLIVE HOTEL,,
 31-May-16 12:00:00 AM +00:00,0.61, Uber,,
 30-May-16 12:00:00 AM +00:00,14.47, WOOLWORTHS 1248,,
 30-May-16 12:00:00 AM +00:00,1.36, Uber,,
 30-May-16 12:00:00 AM +00:00,4.16, Uber,,
 30-May-16 12:00:00 AM +00:00,306.18, SUMINOYA JAPANESE RESTAUR,,
 30-May-16 12:00:00 AM +00:00,13.64, Uber,,
 30-May-16 12:00:00 AM +00:00,3.98, 7-Eleven,,
 29-May-16 12:00:00 AM +00:00,7.24, NEWSLINK PTY LIMITED,,
 29-May-16 12:00:00 AM +00:00,7.24, NEWSLINK PTY LIMITED,,
 29-May-16 12:00:00 AM +00:00,6.64, Argyle Bar,,
 29-May-16 12:00:00 AM +00:00,8.12, Argyle Bar,,
 29-May-16 12:00:00 AM +00:00,20.63, FISHMONGERS MANLY MAN,,
 29-May-16 12:00:00 AM +00:00,9.99, Spotify,,
 29-May-16 12:00:00 AM +00:00,7.09, THE ORCHARD CHATSWO CHA,,
 29-May-16 12:00:00 AM +00:00,14.84, PONDOK SELERA INDONE,,
 29-May-16 12:00:00 AM +00:00,2.45, WOOLWORTHS 1166,,
 29-May-16 12:00:00 AM +00:00,15.2, EZYMART WHARF 5 CQ P,,
 29-May-16 12:00:00 AM +00:00,7.24, TELSTRA,,
 29-May-16 12:00:00 AM +00:00,10.06, TWILIO,,
 29-May-16 12:00:00 AM +00:00,297.25, CHINA CHILLI CHATSWO CHA,,
 27-May-16 12:00:00 AM +00:00,3.62, LINDT & SPRUNGLI AUS,,
 27-May-16 12:00:00 AM +00:00,2.86, CCS 66 VICTORIA AVE,,
 27-May-16 12:00:00 AM +00:00,20.29, Manly Bike Tours,,
 27-May-16 12:00:00 AM +00:00,-4155.68, AUTOMATIC PAYMENT - THANK,,
 27-May-16 12:00:00 AM +00:00,1.81, JCORP AU PTY LTD,,
 26-May-16 12:00:00 AM +00:00,16.25, Nicholas Seafood,,
 26-May-16 12:00:00 AM +00:00,9.03, Nicholas Seafood,,
 26-May-16 12:00:00 AM +00:00,16.38, PETERS SYDNEY FISH MAR,,
 26-May-16 12:00:00 AM +00:00,2.88, PETERS SYDNEY FISH MAR,,
 26-May-16 12:00:00 AM +00:00,12.4, CALTEX SHERIDAN STRE,,
 26-May-16 12:00:00 AM +00:00,4.33, KING ST BREWHOUSE PT,,
 26-May-16 12:00:00 AM +00:00,3.25, HEALTHY HABITS CAIRN,,
 26-May-16 12:00:00 AM +00:00,72.22, FITNSS PLYGND SHILLS,,
 25-May-16 12:00:00 AM +00:00,24.54, COLES 0857,,
 25-May-16 12:00:00 AM +00:00,14.1, ELLIS BEACH BAR GRILL,,
 25-May-16 12:00:00 AM +00:00,8.68, SALT HOUSE,,
 25-May-16 12:00:00 AM +00:00,4.34, TIGER AIRWA,,
 25-May-16 12:00:00 AM +00:00,15.66, M S WHOLESALERS PT,,
 25-May-16 12:00:00 AM +00:00,19.53, THE WOOLSHED CHARGRILL,,
 24-May-16 12:00:00 AM +00:00,9.15, MUNNI PTY LTD,,
 24-May-16 12:00:00 AM +00:00,3.63, JC S FRESH FRUIT CAI,,
 24-May-16 12:00:00 AM +00:00,12.65, PHO VIET,,
 24-May-16 12:00:00 AM +00:00,21.75, TERRY WHITE CHEMIST E,,
 24-May-16 12:00:00 AM +00:00,126.43, CAIRNS BUNGY CNR,,
 24-May-16 12:00:00 AM +00:00,24.19, HARTLEYS CROC ADVENT,,
 24-May-16 12:00:00 AM +00:00,86.56, BUDGET RENT A CAR - RICHM,,
 24-May-16 12:00:00 AM +00:00,-287.71, RENT A BOMB AUS,,
 24-May-16 12:00:00 AM +00:00,-287.71, RENT A BOMB AUS,,
 24-May-16 12:00:00 AM +00:00,9.44, DUKES COFFEE RSTR PL MEL,,
 24-May-16 12:00:00 AM +00:00,40.27, TAXI COMBINED 133300,,
 24-May-16 12:00:00 AM +00:00,4.25, MUNNI PTY LTD,,
 23-May-16 12:00:00 AM +00:00,15.59, THINK ASIA CROWN,,
 23-May-16 12:00:00 AM +00:00,5.8, SUN TOURISM P/L,,
 23-May-16 12:00:00 AM +00:00,21.4, THE PIER TAVERN CAIR,,
 23-May-16 12:00:00 AM +00:00,9.99, SUPERNEWS,,
 23-May-16 12:00:00 AM +00:00,321.32, RENT A BOMB AUS,,
 23-May-16 12:00:00 AM +00:00,12.33, RENT A BOMB AUS,,
 23-May-16 12:00:00 AM +00:00,338, RENT A BOMB AUS,,
 22-May-16 12:00:00 AM +00:00,29.01, STATE OF GRACE EST 2013,,
 22-May-16 12:00:00 AM +00:00,5.11, McDonalds,,
 22-May-16 12:00:00 AM +00:00,7.62, Gilligans Backpackers,,
 22-May-16 12:00:00 AM +00:00,11.02, CALTEX SHERIDAN STRE,,
 22-May-16 12:00:00 AM +00:00,7.62, Gilligans Backpackers,,
 22-May-16 12:00:00 AM +00:00,6.53, CHERRY BAR,,
 22-May-16 12:00:00 AM +00:00,14.51, L/LAND QLD 8586,,
 22-May-16 12:00:00 AM +00:00,25.24, COLES 4567,,
 22-May-16 12:00:00 AM +00:00,20.96, CAFFIEND,,
 22-May-16 12:00:00 AM +00:00,4.35, Gilligans Backpackers,,
 22-May-16 12:00:00 AM +00:00,12.75, XERO INC,,
 22-May-16 12:00:00 AM +00:00,32.6, GOVITA QV MELBOURNE,,
 20-May-16 12:00:00 AM +00:00,130.43, Gilligans Backpacker Hote,,
 20-May-16 12:00:00 AM +00:00,5.06, OFFICEWORKS 0311,,
 20-May-16 12:00:00 AM +00:00,2.54, 7-Eleven,,
 20-May-16 12:00:00 AM +00:00,37.68, HAKATA GENSUKE,,
 20-May-16 12:00:00 AM +00:00,5.99, CODE 42 SOFTWARE INC,,
 20-May-16 12:00:00 AM +00:00,21.74, B M DAY AND M R DAY,,
 19-May-16 12:00:00 AM +00:00,2.57, OLD MELBOURNE GAOL,,
 19-May-16 12:00:00 AM +00:00,2.93, CAFE UMAGO,,
 19-May-16 12:00:00 AM +00:00,112.49, BILL PAYMENT,,
 19-May-16 12:00:00 AM +00:00,221.92, HOFBRAEUHAUS,,
 19-May-16 12:00:00 AM +00:00,59.99, Charter Communications,,
 19-May-16 12:00:00 AM +00:00,4.94, Uber,,
 19-May-16 12:00:00 AM +00:00,22.75, Uber,,
 18-May-16 12:00:00 AM +00:00,23.54, Uber,,
 18-May-16 12:00:00 AM +00:00,5.9, P ISLAND NATURE PK,,
 18-May-16 12:00:00 AM +00:00,9.88, P ISLAND NATURE PK,,
 18-May-16 12:00:00 AM +00:00,13.27, PHILLIP ISL W/LIFE P,,
 18-May-16 12:00:00 AM +00:00,4.64, THE CRAFTY SQUIRE MEL,,
 17-May-16 12:00:00 AM +00:00,11.7, MYKI FLNDERSST RS FSS,,
 17-May-16 12:00:00 AM +00:00,23, Uber,,
 17-May-16 12:00:00 AM +00:00,1.46, Costco,,
 17-May-16 12:00:00 AM +00:00,1.46, Costco,,
 17-May-16 12:00:00 AM +00:00,10.24, MUSEUM VICTORIA ADMISS,,
 17-May-16 12:00:00 AM +00:00,18.35, NEWHAVEN VIC,,
 17-May-16 12:00:00 AM +00:00,30.71, TELSTRA T LIFE MELB,,
 17-May-16 12:00:00 AM +00:00,10.48, Uber,,
 16-May-16 12:00:00 AM +00:00,2, Amazon,,
 16-May-16 12:00:00 AM +00:00,22.2, DEPARTMENT OF IMMIGRAT,,
 16-May-16 12:00:00 AM +00:00,6.74, PIE FACE 248 QUEEN ST,,
 16-May-16 12:00:00 AM +00:00,3.63, PIE FACE 248 QUEEN ST,,
 15-May-16 12:00:00 AM +00:00,930.61, Office Depot,,
 15-May-16 12:00:00 AM +00:00,46.91, Belgian Beer Cafe Mel,,
 15-May-16 12:00:00 AM +00:00,44.19, Chevron,,
 15-May-16 12:00:00 AM +00:00,7.28, Uber,,
 15-May-16 12:00:00 AM +00:00,2.74, CNN NEWS ST1248,,
 15-May-16 12:00:00 AM +00:00,75, GYMNASTICBO,,
 13-May-16 12:00:00 AM +00:00,25, CA SECRETARY OF STATE WEB,,
 13-May-16 12:00:00 AM +00:00,1464, AIRBNB,,
 12-May-16 12:00:00 AM +00:00,4.35, Amazon,,
 11-May-16 12:00:00 AM +00:00,19.72, Amazon,,
 11-May-16 12:00:00 AM +00:00,7.5, Amazon,,
 10-May-16 12:00:00 AM +00:00,25, GITHUB.COM 7D9J5,,
 10-May-16 12:00:00 AM +00:00,59.09, IKEA,,
 09-May-16 12:00:00 AM +00:00,1.99, Palagraph,,
 08-May-16 12:00:00 AM +00:00,300, Costco,,
 08-May-16 12:00:00 AM +00:00,4.99, PLEXINCPASS MONTHLY,,
 05-May-16 12:00:00 AM +00:00,1050, AIRBNB,,
 05-May-16 12:00:00 AM +00:00,115.45, TIGER AIRWA,,
 05-May-16 12:00:00 AM +00:00,1000, EPOCH.COM,,
 05-May-16 12:00:00 AM +00:00,1002.04, Office Depot,,
 04-May-16 12:00:00 AM +00:00,-9.99, HELLO* HELLOFAX,,
 03-May-16 12:00:00 AM +00:00,3.98, Amazon,,
 01-May-16 12:00:00 AM +00:00,30, DIGITALOCEAN.COM,,
 28-Apr-16 12:00:00 AM +00:00,-2456.26, AUTOMATIC PAYMENT - THANK,,
 28-Apr-16 12:00:00 AM +00:00,9.99, Spotify,,
 25-Apr-16 12:00:00 AM +00:00,100, Amazon,,
 24-Apr-16 12:00:00 AM +00:00,9.99, SUPERNEWS,,
 21-Apr-16 12:00:00 AM +00:00,12.75, XERO INC,,
 20-Apr-16 12:00:00 AM +00:00,5.99, CODE 42 SOFTWARE INC,,
 20-Apr-16 12:00:00 AM +00:00,7.55, McDonalds,,
 19-Apr-16 12:00:00 AM +00:00,110.22, BILL PAYMENT,,
 18-Apr-16 12:00:00 AM +00:00,59.99, Charter Communications,,
 18-Apr-16 12:00:00 AM +00:00,500, Staples,,
 17-Apr-16 12:00:00 AM +00:00,35.52, Uber,,
 17-Apr-16 12:00:00 AM +00:00,1.23, Uber,,
 10-Apr-16 12:00:00 AM +00:00,25, GITHUB.COM 7D9J5,,
 08-Apr-16 12:00:00 AM +00:00,29, INSTAPAGE,,
 08-Apr-16 12:00:00 AM +00:00,9.99, HELLO* HELLOFAX,,
 08-Apr-16 12:00:00 AM +00:00,4.99, PLEXINCPASS MONTHLY,,
 07-Apr-16 12:00:00 AM +00:00,604.99, Staples,,
 07-Apr-16 12:00:00 AM +00:00,12.42, Postmates,,
 05-Apr-16 12:00:00 AM +00:00,41.46, Shell,,
 05-Apr-16 12:00:00 AM +00:00,2.99, 7-Eleven,,
 04-Apr-16 12:00:00 AM +00:00,64.47, Ralphs,,
 03-Apr-16 12:00:00 AM +00:00,1.58, Uber,,
 03-Apr-16 12:00:00 AM +00:00,1.58, Uber,,
 03-Apr-16 12:00:00 AM +00:00,2.13, Uber,,
 03-Apr-16 12:00:00 AM +00:00,7.14, DIGITALOCEAN.COM,,
 31-Mar-16 12:00:00 AM +00:00,2.16, Yogurtland,,
 31-Mar-16 12:00:00 AM +00:00,-57.7, Home Depot,,
 31-Mar-16 12:00:00 AM +00:00,15, American Tea Room,,
 31-Mar-16 12:00:00 AM +00:00,5.45, American Tea Room,,
 30-Mar-16 12:00:00 AM +00:00,10.37, Panda Express,,
 30-Mar-16 12:00:00 AM +00:00,6.54, MELS DELI,,
 30-Mar-16 12:00:00 AM +00:00,4.5, Eightfold Coffee,,
 30-Mar-16 12:00:00 AM +00:00,7, Cafe Mak,,
 30-Mar-16 12:00:00 AM +00:00,61.03,76,,
 30-Mar-16 12:00:00 AM +00:00,5.65, Uber,,
 29-Mar-16 12:00:00 AM +00:00,15.63, TOFU AND NOODLE,,
 28-Mar-16 12:00:00 AM +00:00,-2500.64, AUTOMATIC PAYMENT - THANK,,
 28-Mar-16 12:00:00 AM +00:00,13.39, BCD-WILSHIRE,,
 28-Mar-16 12:00:00 AM +00:00,3.5, Alchemist Coffee Project,,
 28-Mar-16 12:00:00 AM +00:00,9.99, Spotify,,
 27-Mar-16 12:00:00 AM +00:00,2.29, Coffee Bean,,
 27-Mar-16 12:00:00 AM +00:00,5, Awesome Coffee Shop,,
 27-Mar-16 12:00:00 AM +00:00,4.91, Il Caffe Inc.,,
 25-Mar-16 12:00:00 AM +00:00,3, Mega Bodega,,
 25-Mar-16 12:00:00 AM +00:00,10.89, Casa La Dona,,
 24-Mar-16 12:00:00 AM +00:00,33.49, Amazon,,
 24-Mar-16 12:00:00 AM +00:00,2.95, Starbucks,,
 23-Mar-16 12:00:00 AM +00:00,9.99, SUPERNEWS,,
 23-Mar-16 12:00:00 AM +00:00,5.45, Verve Coffee Roasters,,
 23-Mar-16 12:00:00 AM +00:00,3.53, Amazon,,
 23-Mar-16 12:00:00 AM +00:00,43.27, Shell,,
 23-Mar-16 12:00:00 AM +00:00,57.7, Home Depot,,
 23-Mar-16 12:00:00 AM +00:00,84.06, Amazon,,
 22-Mar-16 12:00:00 AM +00:00,10.89, L.A. CAFE,,
 22-Mar-16 12:00:00 AM +00:00,5.75, Urth Caffe,,
 22-Mar-16 12:00:00 AM +00:00,2.45, In-N-Out Burger,,
 21-Mar-16 12:00:00 AM +00:00,12.75, XERO INC,,
 21-Mar-16 12:00:00 AM +00:00,1, SUMO ARCADE,,
 21-Mar-16 12:00:00 AM +00:00,1, SUMO ARCADE,,
 21-Mar-16 12:00:00 AM +00:00,1, SUMO ARCADE,,
 21-Mar-16 12:00:00 AM +00:00,8, Arts District Brewing,,
 21-Mar-16 12:00:00 AM +00:00,15, Arts District Brewing,,
 21-Mar-16 12:00:00 AM +00:00,57.64, Blossom Restaurant,,
 21-Mar-16 12:00:00 AM +00:00,24, EXCHANGE,,
 21-Mar-16 12:00:00 AM +00:00,12.83, Postmates,,
 21-Mar-16 12:00:00 AM +00:00,69.92, Whole Foods,,
 21-Mar-16 12:00:00 AM +00:00,10, Uber,,
 20-Mar-16 12:00:00 AM +00:00,5.99, CODE 42 SOFTWARE INC,,
 20-Mar-16 12:00:00 AM +00:00,14.66, Asian Box,,
 20-Mar-16 12:00:00 AM +00:00,110.23, BILL PAYMENT,,
 20-Mar-16 12:00:00 AM +00:00,59.99, Charter Communications,,
 18-Mar-16 12:00:00 AM +00:00,5, Awesome Coffee Shop,,
 18-Mar-16 12:00:00 AM +00:00,9.78, Amazon,,
 17-Mar-16 12:00:00 AM +00:00,402.99, Staples,,
 17-Mar-16 12:00:00 AM +00:00,12.54, Tender Greens,,
 17-Mar-16 12:00:00 AM +00:00,3.4, MODERN PARKING LOC 62,,
 17-Mar-16 12:00:00 AM +00:00,100, Staples,,
 17-Mar-16 12:00:00 AM +00:00,2.42, In-N-Out Burger,,
 17-Mar-16 12:00:00 AM +00:00,1.83, YOGURTLAND STUDIO CITY,,
 17-Mar-16 12:00:00 AM +00:00,413.9, Staples,,
 17-Mar-16 12:00:00 AM +00:00,17.01, Los Agaves Restaurant,,
 16-Mar-16 12:00:00 AM +00:00,6.5, USPS 05781202036010601,,
 16-Mar-16 12:00:00 AM +00:00,1, AMPCO PARKING ERNST AND Y,,
 16-Mar-16 12:00:00 AM +00:00,61.56, Amazon,,
 16-Mar-16 12:00:00 AM +00:00,12.12, Eat24 *PaniniCafeDTLA,,
 16-Mar-16 12:00:00 AM +00:00,2.25, Syrup Desserts,,
 15-Mar-16 12:00:00 AM +00:00,12.12, Eat24 *PaniniCafeDTLA,,
 15-Mar-16 12:00:00 AM +00:00,12.83, Postmates,,
 15-Mar-16 12:00:00 AM +00:00,2.18, Oleego,,
 15-Mar-16 12:00:00 AM +00:00,1.64, Oleego,,
 15-Mar-16 12:00:00 AM +00:00,11.99, Oleego,,
 15-Mar-16 12:00:00 AM +00:00,9.21, Regal LA LIVE Stadium 14,,
 15-Mar-16 12:00:00 AM +00:00,35, Fandango,,
 15-Mar-16 12:00:00 AM +00:00,-7.45, AMPM,,
 14-Mar-16 12:00:00 AM +00:00,16.23, Amazon,,
 14-Mar-16 12:00:00 AM +00:00,1.89, Amazon,,
 14-Mar-16 12:00:00 AM +00:00,64.95, ILF,,
 14-Mar-16 12:00:00 AM +00:00,20.66, BEVERLY TOFU HOUSE,,
 13-Mar-16 12:00:00 AM +00:00,14.66, Asian Box,,
 13-Mar-16 12:00:00 AM +00:00,4.36, American Tea Room,,
 13-Mar-16 12:00:00 AM +00:00,4, Document Coffee Bar,,
 11-Mar-16 12:00:00 AM +00:00,1.08, Uber,,
 11-Mar-16 12:00:00 AM +00:00,1.08, Uber,,
 10-Mar-16 12:00:00 AM +00:00,9.99, Dropbox*TMJHFK7Q9NXG,,
 10-Mar-16 12:00:00 AM +00:00,4, The Wheelhouse,,
 10-Mar-16 12:00:00 AM +00:00,25, GITHUB.COM 7D9J5,,
 10-Mar-16 12:00:00 AM +00:00,40.35, AMPM,,
 10-Mar-16 12:00:00 AM +00:00,11.98, L AND L HAWAIIAN BBQ,,
 10-Mar-16 12:00:00 AM +00:00,14.66, Asian Box,,
 09-Mar-16 12:00:00 AM +00:00,9.99, HELLO* HELLOFAX,,
 09-Mar-16 12:00:00 AM +00:00,4, Philz Coffee,,
 09-Mar-16 12:00:00 AM +00:00,4.91, Eightfold Coffee,,
 08-Mar-16 12:00:00 AM +00:00,4.99, PLEXINCPASS MONTHLY,,
 08-Mar-16 12:00:00 AM +00:00,7.41, Panda Express,,
 08-Mar-16 12:00:00 AM +00:00,43.7, Joon Shabu Shabu,,
 08-Mar-16 12:00:00 AM +00:00,29, INSTAPAGE,,
 07-Mar-16 12:00:00 AM +00:00,5, The Wheelhouse,,
 07-Mar-16 12:00:00 AM +00:00,47.62, Buzz Wine Beer Shop,,
 07-Mar-16 12:00:00 AM +00:00,13.99, Mr. Coffee,,
 06-Mar-16 12:00:00 AM +00:00,3.5, Cafe Dabang,,
 04-Mar-16 12:00:00 AM +00:00,6.95, Uber,,
 04-Mar-16 12:00:00 AM +00:00,300, Staples,,
 03-Mar-16 12:00:00 AM +00:00,33.47, Amazon,,
 03-Mar-16 12:00:00 AM +00:00,14.61, IVISA SERVICES,,
 03-Mar-16 12:00:00 AM +00:00,115, Etsy,,
 03-Mar-16 12:00:00 AM +00:00,9.72, CAFFE PRIMO 101 SB,,
 03-Mar-16 12:00:00 AM +00:00,15.99, CAFFE PRIMO 101 SB,,
 03-Mar-16 12:00:00 AM +00:00,7.41, Panda Express,,
 03-Mar-16 12:00:00 AM +00:00,8, Panda Express,,
 03-Mar-16 12:00:00 AM +00:00,2.84, Yogurtland,,
 03-Mar-16 12:00:00 AM +00:00,4.25, Document Coffee Bar,,
 03-Mar-16 12:00:00 AM +00:00,5, Document Coffee Bar,,
 02-Mar-16 12:00:00 AM +00:00,7.74, Panda Express,,
 02-Mar-16 12:00:00 AM +00:00,8.73, NATURE`S BREW INC,,
 02-Mar-16 12:00:00 AM +00:00,2.25, Amtrak,,
 01-Mar-16 12:00:00 AM +00:00,12.48, Home Depot,,
 28-Feb-16 12:00:00 AM +00:00,3.58, Yogurt Land Little Tokyo,,
 28-Feb-16 12:00:00 AM +00:00,4.6, Il Caffe Inc.,,
 28-Feb-16 12:00:00 AM +00:00,14.66, Asian Box,,
 28-Feb-16 12:00:00 AM +00:00,41.13, Arcadia Oil Inc.,,
 28-Feb-16 12:00:00 AM +00:00,-2725.15, AUTOMATIC PAYMENT - THANK,,
 28-Feb-16 12:00:00 AM +00:00,75, Staples,,
 28-Feb-16 12:00:00 AM +00:00,9.99, Spotify,,
 28-Feb-16 12:00:00 AM +00:00,32.03, DIGITALOCEAN.COM,,
 26-Feb-16 12:00:00 AM +00:00,1.63, Uber,,
 26-Feb-16 12:00:00 AM +00:00,5.45, American Tea Room,,
 25-Feb-16 12:00:00 AM +00:00,1.08, Uber,,
 25-Feb-16 12:00:00 AM +00:00,1.08, Uber,,
 25-Feb-16 12:00:00 AM +00:00,1.08, Uber,,
 25-Feb-16 12:00:00 AM +00:00,1.08, Uber,,
 25-Feb-16 12:00:00 AM +00:00,49.5, Amtrak,,
 24-Feb-16 12:00:00 AM +00:00,38.61, Whole Foods,,
 24-Feb-16 12:00:00 AM +00:00,1.25, LA CITY PARKING METER,,
 24-Feb-16 12:00:00 AM +00:00,3, Groundwork Coffee,,
 23-Feb-16 12:00:00 AM +00:00,9.99, SUPERNEWS,,
 23-Feb-16 12:00:00 AM +00:00,5.45, Verve Coffee Roasters,,
 23-Feb-16 12:00:00 AM +00:00,4.09, Joes Pizza Downtown LA,,
 22-Feb-16 12:00:00 AM +00:00,12.75, XERO INC,,
 22-Feb-16 12:00:00 AM +00:00,8.95, Home Depot,,
 22-Feb-16 12:00:00 AM +00:00,20.66, BEVERLY TOFU HOUSE,,
 21-Feb-16 12:00:00 AM +00:00,3.5, Swork Coffee,,
 21-Feb-16 12:00:00 AM +00:00,515, Office Depot,,
 21-Feb-16 12:00:00 AM +00:00,5.99, CODE 42 SOFTWARE INC,,
 21-Feb-16 12:00:00 AM +00:00,4.35, Flour + Tea,,
 19-Feb-16 12:00:00 AM +00:00,3, STUMPTOWN COFFEE ROASTERS,,
 19-Feb-16 12:00:00 AM +00:00,2.55, MODERN PARKING LOC 62,,
 19-Feb-16 12:00:00 AM +00:00,11.77, Chipotle Mexican Grill,,
 19-Feb-16 12:00:00 AM +00:00,99.99, Amazon,,
 18-Feb-16 12:00:00 AM +00:00,59.99, Charter Communications,,
 18-Feb-16 12:00:00 AM +00:00,110.91, BILL PAYMENT,,
 18-Feb-16 12:00:00 AM +00:00,1.08, Uber,,
 18-Feb-16 12:00:00 AM +00:00,1.08, Uber,,
 18-Feb-16 12:00:00 AM +00:00,5.42, Amazon,,
 18-Feb-16 12:00:00 AM +00:00,44.84, Home Depot,,
 18-Feb-16 12:00:00 AM +00:00,1.08, Uber,,
 17-Feb-16 12:00:00 AM +00:00,3.95, CAFFE BENE,,
 17-Feb-16 12:00:00 AM +00:00,22.78, BEVERLY TOFU HOUSE,,
 16-Feb-16 12:00:00 AM +00:00,14.17, SPRINGTIME CAFEINNEWYORK,,
 16-Feb-16 12:00:00 AM +00:00,163.87, HIP HOT,,
 15-Feb-16 12:00:00 AM +00:00,79.94, Amazon,,
 15-Feb-16 12:00:00 AM +00:00,12.54, Tender Greens,,
 15-Feb-16 12:00:00 AM +00:00,47.84, Quarters Korean BBQ,,
 15-Feb-16 12:00:00 AM +00:00,4.09, COPA VIDA CAFE LLC,,
 14-Feb-16 12:00:00 AM +00:00,7.38, Cafe Mak,,
 14-Feb-16 12:00:00 AM +00:00,1.63, Uber,,
 14-Feb-16 12:00:00 AM +00:00,8.18, Whole Foods,,
 14-Feb-16 12:00:00 AM +00:00,10.53, Ralphs,,
 14-Feb-16 12:00:00 AM +00:00,37.33, Chevron,,
 14-Feb-16 12:00:00 AM +00:00,5, Coco Fresh Tea & Juice DTLA,,
 12-Feb-16 12:00:00 AM +00:00,-29.95, Amazon,,
 12-Feb-16 12:00:00 AM +00:00,16.53, Pho Show,,
 12-Feb-16 12:00:00 AM +00:00,2.25, Catalina Coffee Company,,
 12-Feb-16 12:00:00 AM +00:00,47.14, RUBYS DINER - REDONDO,,
 12-Feb-16 12:00:00 AM +00:00,-6.49, Amazon,,
 12-Feb-16 12:00:00 AM +00:00,16.35, SPRINGTIME CAFEINNEWYORK,,
 11-Feb-16 12:00:00 AM +00:00,1.08, Uber,,
 11-Feb-16 12:00:00 AM +00:00,1.08, Uber,,
 11-Feb-16 12:00:00 AM +00:00,1.63, Uber,,
 10-Feb-16 12:00:00 AM +00:00,9.99, Dropbox*HQ1FWGHTSSZT,,
 10-Feb-16 12:00:00 AM +00:00,4.36, Verve Coffee Roasters,,
 10-Feb-16 12:00:00 AM +00:00,25, GITHUB.COM 7D9J5,,
 10-Feb-16 12:00:00 AM +00:00,3.27, Blue Bottle Coffee Co,,
 09-Feb-16 12:00:00 AM +00:00,1.57, Uber,,
 09-Feb-16 12:00:00 AM +00:00,9.99, HELLO* HELLOFAX,,
 08-Feb-16 12:00:00 AM +00:00,29, INSTAPAGE,,
 08-Feb-16 12:00:00 AM +00:00,4.36, Impress,,
 08-Feb-16 12:00:00 AM +00:00,4.36, Impress,,
 08-Feb-16 12:00:00 AM +00:00,29, 85C BAKERY CAFE USA,,
 08-Feb-16 12:00:00 AM +00:00,4.09, Joes Pizza Downtown LA,,
 07-Feb-16 12:00:00 AM +00:00,7.02, Loft,,
 07-Feb-16 12:00:00 AM +00:00,10.85, BEVERLY TOFU HOUSE,,
 07-Feb-16 12:00:00 AM +00:00,29.4, U.S. Post Office,,
 07-Feb-16 12:00:00 AM +00:00,7.51, El Pollo Loco,,
 07-Feb-16 12:00:00 AM +00:00,16.06, Whole Foods,,
 07-Feb-16 12:00:00 AM +00:00,31.84, Chevron,,
 05-Feb-16 12:00:00 AM +00:00,7.95, EARTHBAR DOWNTOWN EQUINOX,,
 05-Feb-16 12:00:00 AM +00:00,2.25, Syrup Desserts,,
 05-Feb-16 12:00:00 AM +00:00,1.5, LA CITY PARKING METER,,
 04-Feb-16 12:00:00 AM +00:00,17.22, CAFFE PRIMO 101 SB,,
 03-Feb-16 12:00:00 AM +00:00,5, Amtrak,,
 03-Feb-16 12:00:00 AM +00:00,3, FRENCH PRESS,,
 03-Feb-16 12:00:00 AM +00:00,3.78, MONYS MEXICAN F,,
 02-Feb-16 12:00:00 AM +00:00,53.29, CHUANS,,
 02-Feb-16 12:00:00 AM +00:00,10, DIGITALOCEAN.COM,,
 01-Feb-16 12:00:00 AM +00:00,20, FAR BAR,,
 31-Jan-16 12:00:00 AM +00:00,49.5, Amtrak,,
 31-Jan-16 12:00:00 AM +00:00,-86.91, Home Depot,,
 31-Jan-16 12:00:00 AM +00:00,23.58, Whole Foods,,
 31-Jan-16 12:00:00 AM +00:00,5.93, Whole Foods,,
 31-Jan-16 12:00:00 AM +00:00,200, Staples,,
 29-Jan-16 12:00:00 AM +00:00,74.43, MCMASTER-CARR,,
 29-Jan-16 12:00:00 AM +00:00,8.69, FLAME BROILER LA MIRAD,,
 29-Jan-16 12:00:00 AM +00:00,18.88, Whole Foods,,
 28-Jan-16 12:00:00 AM +00:00,4.86, Stereoscope Coffee Company,,
 28-Jan-16 12:00:00 AM +00:00,13.64, Whole Foods,,
 28-Jan-16 12:00:00 AM +00:00,9.99, Spotify,,
 28-Jan-16 12:00:00 AM +00:00,4.36, Impress,,
 28-Jan-16 12:00:00 AM +00:00,29.95, Amazon,,
 28-Jan-16 12:00:00 AM +00:00,-31.84, AUTOMATIC PAYMENT - THANK,,
 27-Jan-16 12:00:00 AM +00:00,21.37, Postmates,,
 27-Jan-16 12:00:00 AM +00:00,5.25, Coco Fresh Tea & Juice DTLA,,
 26-Jan-16 12:00:00 AM +00:00,3.75, Syrup Desserts,,
 26-Jan-16 12:00:00 AM +00:00,46.86,76,,
 26-Jan-16 12:00:00 AM +00:00,10.03, TWILIO,,
 26-Jan-16 12:00:00 AM +00:00,9.04, Wahoos Fish Taco,,
 25-Jan-16 12:00:00 AM +00:00,6.49, Amazon,,
 25-Jan-16 12:00:00 AM +00:00,195.44, Amazon,,
 25-Jan-16 12:00:00 AM +00:00,42.24, Amazon,,
 24-Jan-16 12:00:00 AM +00:00,5, Il Caffe Inc.,,
 24-Jan-16 12:00:00 AM +00:00,15.88, McDonalds,,
 24-Jan-16 12:00:00 AM +00:00,64.18, MALBEC RESTAURANTS,,
 24-Jan-16 12:00:00 AM +00:00,0.25, LA CITY PARKING METER,,
 24-Jan-16 12:00:00 AM +00:00,0.75, LA CITY PARKING METER,,
 24-Jan-16 12:00:00 AM +00:00,52.78, Blossom Restaurant,,
 24-Jan-16 12:00:00 AM +00:00,10.42, King Taco,,
 24-Jan-16 12:00:00 AM +00:00,9.99, SUPERNEWS,,
 22-Jan-16 12:00:00 AM +00:00,4.36, Verve Coffee Roasters,,
 22-Jan-16 12:00:00 AM +00:00,58.95, Ralphs,,
 21-Jan-16 12:00:00 AM +00:00,3.75, Syrup Desserts,,
 21-Jan-16 12:00:00 AM +00:00,3.82, Impress,,
 21-Jan-16 12:00:00 AM +00:00,12.75, XERO INC,,
 20-Jan-16 12:00:00 AM +00:00,31.24, Ralphs,,
 20-Jan-16 12:00:00 AM +00:00,5.99, CODE 42 SOFTWARE INC,,
 20-Jan-16 12:00:00 AM +00:00,9, B&H WASHINGTON ST,,
 20-Jan-16 12:00:00 AM +00:00,7.99, SP * FIXMYBINDING.COM,,
 20-Jan-16 12:00:00 AM +00:00,10.36, Amazon,,
 19-Jan-16 12:00:00 AM +00:00,109.85, BILL PAYMENT,,
 19-Jan-16 12:00:00 AM +00:00,5.54, 7-Eleven,,
 19-Jan-16 12:00:00 AM +00:00,19, Bird Pick Tea & Herb (Inside Wing Hop Fung),,
 18-Jan-16 12:00:00 AM +00:00,32.63, Home Depot,,
 18-Jan-16 12:00:00 AM +00:00,54.28, Home Depot,,
 18-Jan-16 12:00:00 AM +00:00,185.69, Home Depot,,
 18-Jan-16 12:00:00 AM +00:00,59.99, Charter Communications,,
 18-Jan-16 12:00:00 AM +00:00,9.46, Yogurt Land Little Tokyo,,
 18-Jan-16 12:00:00 AM +00:00,2.54, BEVERLY TOFU HOUSE,,
 18-Jan-16 12:00:00 AM +00:00,18.51, RadioShack,,
 18-Jan-16 12:00:00 AM +00:00,81.72, MCMASTER-CARR,,
 18-Jan-16 12:00:00 AM +00:00,-54.29, Home Depot,,
 17-Jan-16 12:00:00 AM +00:00,2.75, TOM N TOMS WILSHIRE ONE,,
 17-Jan-16 12:00:00 AM +00:00,22.61, BCD-WILSHIRE,,
 17-Jan-16 12:00:00 AM +00:00,39.99, ADTSECURITY MYADT.COM,,
 17-Jan-16 12:00:00 AM +00:00,7.95, EARTHBAR DOWNTOWN EQUINOX,,
 17-Jan-16 12:00:00 AM +00:00,9.54, Amazon,,
 17-Jan-16 12:00:00 AM +00:00,372.77, Amazon,,
 15-Jan-16 12:00:00 AM +00:00,13.57, DEMEL/HENRY,,
 15-Jan-16 12:00:00 AM +00:00,5, Document Coffee Bar,,
 15-Jan-16 12:00:00 AM +00:00,16.94, Factory Tea Bar,,
 15-Jan-16 12:00:00 AM +00:00,4.91, In-N-Out Burger,,
 15-Jan-16 12:00:00 AM +00:00,41.87, Chevron,,
 15-Jan-16 12:00:00 AM +00:00,10, 4GW VERIZON RETAILER,,
 14-Jan-16 12:00:00 AM +00:00,33.26, EAT,,
 13-Jan-16 12:00:00 AM +00:00,28.79, PIVNICE PEGAS,,
 13-Jan-16 12:00:00 AM +00:00,19.62, STUDENT AGENCY,, AOLZaeANbas3kdYJjZAZSJpjY5L8xNfJg8y8E
 11-Jan-16 12:00:00 AM +00:00,46.75, BAR,, 3ro3Q5MqkQUDzJO67VXVIgkZ3yq4NzuJZYkYy
 11-Jan-16 12:00:00 AM +00:00,76.09, SUPER PANDA CIRCUS,,
 11-Jan-16 12:00:00 AM +00:00,13.76, LOKAL U CAIPLA,,
 10-Jan-16 12:00:00 AM +00:00,25, GITHUB.COM 7D9J5,,
 10-Jan-16 12:00:00 AM +00:00,9.99, Dropbox*G8VRJF27G5XK,,
 10-Jan-16 12:00:00 AM +00:00,112.46, ALBERT HM 0819,,
 10-Jan-16 12:00:00 AM +00:00,97.1, FORMAN BEEF AND BEER,,
 10-Jan-16 12:00:00 AM +00:00,13.84, McDonalds,,
 08-Jan-16 12:00:00 AM +00:00,29, INSTAPAGE,,
 06-Jan-16 12:00:00 AM +00:00,-3901.61, Payment Thank You - Web,,
 06-Jan-16 12:00:00 AM +00:00,8.03, T - MOBILE CZECH REPUBLIC,,
 06-Jan-16 12:00:00 AM +00:00,109.07, Tesco Brno Kralovo Pol,,
 06-Jan-16 12:00:00 AM +00:00,-39, Late Fee Reversal,,
 06-Jan-16 12:00:00 AM +00:00,8.03, T - MOBILE CZECH REPUBLIC,,
 05-Jan-16 12:00:00 AM +00:00,82.11, HOTEL PALAC U KOCKU,,
 05-Jan-16 12:00:00 AM +00:00,122.79, IL PALAZZO,,
 04-Jan-16 12:00:00 AM +00:00,22.48, DUPLEX,,
 04-Jan-16 12:00:00 AM +00:00,49.43, ZEBRA EXPRESS,,
 04-Jan-16 12:00:00 AM +00:00,26.14, STUDENT AGENCY,, NyjVPYbJdPIaOAd7ojNjSp630zyMjeI0Jvkvz
 03-Jan-16 12:00:00 AM +00:00,57.52, Bestia Popup,,
 03-Jan-16 12:00:00 AM +00:00,10.56, Costa Coffee Andras,,
 03-Jan-16 12:00:00 AM +00:00,10, DIGITALOCEAN.COM,,
 01-Jan-16 12:00:00 AM +00:00,50, UNITED 0162923298849,,
 01-Jan-16 12:00:00 AM +00:00,-10.85, STUDENT AGENCY,, V4mV6ewQB6C0nJBEbMNMS0MkEL8byvF8w7xJY
 01-Jan-16 12:00:00 AM +00:00,52.38, Gozsdu Gasztronomia Kft.,,
 01-Jan-16 12:00:00 AM +00:00,188.51, CD BRNO HL.N.,,
 01-Jan-16 12:00:00 AM +00:00,10.94, STUDENT AGENCY,, EwqgEerbVEtmEDvOzonoTRMEDVqoz6fvk1Dqv
 31-Dec-15 12:00:00 AM +00:00,2.55, MODERN PARKING LOC 62,,
 31-Dec-15 12:00:00 AM +00:00,7.62, B GRILL STEAKHOUSE,,
 30-Dec-15 12:00:00 AM +00:00,8, AMPCO PARKING ERNST AND Y,,
 30-Dec-15 12:00:00 AM +00:00,6.08, McDonalds,,
 30-Dec-15 12:00:00 AM +00:00,30.5, FLOYDS 99 - 7TH & SPRI,,
 30-Dec-15 12:00:00 AM +00:00,20, Los Angeles Airport Marriott,,
 30-Dec-15 12:00:00 AM +00:00,19.98, Carlitos Cafe y Cantina,,
 30-Dec-15 12:00:00 AM +00:00,10.99, STUDENT AGENCY,, bVke63A8x6U9QExvqr0rsE19v4b6MZFLw8Yag
 29-Dec-15 12:00:00 AM +00:00,2.75, FRENCH PRESS,,
 29-Dec-15 12:00:00 AM +00:00,37.3, Badmaash,,
 29-Dec-15 12:00:00 AM +00:00,35.57, Postmates,,
 29-Dec-15 12:00:00 AM +00:00,42.44, GSE 76 VERMONT,,
 29-Dec-15 12:00:00 AM +00:00,8.6, Patterson Hardware,,
 29-Dec-15 12:00:00 AM +00:00,9.25, CVS,,
 29-Dec-15 12:00:00 AM +00:00,100, USCUSTOMS TRUSTEDTRAVELER,,
 28-Dec-15 12:00:00 AM +00:00,39, LATE FEE,,
 28-Dec-15 12:00:00 AM +00:00,9.99, Spotify,,
 28-Dec-15 12:00:00 AM +00:00,7.4, Walgreens,,
 27-Dec-15 12:00:00 AM +00:00,10, T-Mobile,,
 27-Dec-15 12:00:00 AM +00:00,10, Macchiato,,
 27-Dec-15 12:00:00 AM +00:00,59.94, Spotify,,
 25-Dec-15 12:00:00 AM +00:00,29.95, Amazon,,
 25-Dec-15 12:00:00 AM +00:00,61.51, Whole Foods,,
 25-Dec-15 12:00:00 AM +00:00,26.74, Amazon,,
 25-Dec-15 12:00:00 AM +00:00,49.04, Amazon,,
 24-Dec-15 12:00:00 AM +00:00,50, Amazon,,
 24-Dec-15 12:00:00 AM +00:00,2.49, 6th Street Market,,
 24-Dec-15 12:00:00 AM +00:00,12.3, Amazon,,
 23-Dec-15 12:00:00 AM +00:00,15.92, IFIXIT.COM,,
 23-Dec-15 12:00:00 AM +00:00,33.15, Postmates,,
 23-Dec-15 12:00:00 AM +00:00,3.75, Syrup Desserts,,
 23-Dec-15 12:00:00 AM +00:00,5.45, American Tea Room,,
 22-Dec-15 12:00:00 AM +00:00,26.61, Amazon,,
 22-Dec-15 12:00:00 AM +00:00,10.36, BELLA PITA FIGUEROA ST,,
 22-Dec-15 12:00:00 AM +00:00,9.95, CLAIMINGPOWER.COM,,
 22-Dec-15 12:00:00 AM +00:00,86.81, Amazon,,
 21-Dec-15 12:00:00 AM +00:00,217.95, Amazon,,
 21-Dec-15 12:00:00 AM +00:00,0.41, XERO INC,,
 21-Dec-15 12:00:00 AM +00:00,5, Verve Coffee Roasters,,
 21-Dec-15 12:00:00 AM +00:00,15.9, KOROBOKGUR,,
 21-Dec-15 12:00:00 AM +00:00,28.47, Postmates,,
 20-Dec-15 12:00:00 AM +00:00,9.84, Amazon,,
 20-Dec-15 12:00:00 AM +00:00,42.99, Amazon,,
 20-Dec-15 12:00:00 AM +00:00,10.23, Amazon,,
 20-Dec-15 12:00:00 AM +00:00,42.99, Amazon,,
 20-Dec-15 12:00:00 AM +00:00,3.75, Syrup Desserts,,
 20-Dec-15 12:00:00 AM +00:00,59.99, Charter Communications,,
 20-Dec-15 12:00:00 AM +00:00,109.85, BILL PAYMENT,,
 20-Dec-15 12:00:00 AM +00:00,7.95, EARTHBAR DOWNTOWN EQUINOX,,
 20-Dec-15 12:00:00 AM +00:00,11.9, Century Theatres,,
 18-Dec-15 12:00:00 AM +00:00,43.55, Amazon,,
 18-Dec-15 12:00:00 AM +00:00,43.55, Amazon,,
 18-Dec-15 12:00:00 AM +00:00,50, Amazon,,
 18-Dec-15 12:00:00 AM +00:00,4.36, Chimney Coffee House,,
 18-Dec-15 12:00:00 AM +00:00,128.61, Amazon,,
 18-Dec-15 12:00:00 AM +00:00,43.55, Amazon,,
 18-Dec-15 12:00:00 AM +00:00,59.99, ADTSECURITY MYADT.COM,,
 18-Dec-15 12:00:00 AM +00:00,11.74, Amazon,,
 17-Dec-15 12:00:00 AM +00:00,50, DBC*BLICK ART MATERIAL,,
 14-Dec-15 12:00:00 AM +00:00,3.4, MODERN PARKING LOC 62,,
 14-Dec-15 12:00:00 AM +00:00,13.97, 6th Street Market,,
 14-Dec-15 12:00:00 AM +00:00,5, Verve Coffee Roasters,,
 14-Dec-15 12:00:00 AM +00:00,18.53, Tender Greens,,
 14-Dec-15 12:00:00 AM +00:00,5, Awesome Coffee Shop,,
 13-Dec-15 12:00:00 AM +00:00,38.14, Amazon,,
 13-Dec-15 12:00:00 AM +00:00,25.07, YELPINC*EAT24 JOES PIZ,,
 13-Dec-15 12:00:00 AM +00:00,3, STUMPTOWN COFFEE ROASTERS,,
 13-Dec-15 12:00:00 AM +00:00,3.82, REPUBLIC OF PIE,,
 13-Dec-15 12:00:00 AM +00:00,4, LA CITY PARKING METER,,
 11-Dec-15 12:00:00 AM +00:00,352.99, Staples,,
 11-Dec-15 12:00:00 AM +00:00,4.09, Joes Pizza Downtown LA,,
 11-Dec-15 12:00:00 AM +00:00,3.75, Syrup Desserts,,
 11-Dec-15 12:00:00 AM +00:00,2.19, Chevron,,
 10-Dec-15 12:00:00 AM +00:00,31, FLOYDS 99 - 7TH & SPRI,,
 10-Dec-15 12:00:00 AM +00:00,39.09, Chevron,,
 10-Dec-15 12:00:00 AM +00:00,9.99, Dropbox*QNM83M23L284,,
 09-Dec-15 12:00:00 AM +00:00,6.97, McDonalds,,
 09-Dec-15 12:00:00 AM +00:00,176.97, SOUTHWES 5262164545028,,
 08-Dec-15 12:00:00 AM +00:00,29, INSTAPAGE,,
 08-Dec-15 12:00:00 AM +00:00,3, 85C BAKERY CAFE USA,,
 08-Dec-15 12:00:00 AM +00:00,3.5, 85C BAKERY CAFE USA,,
 08-Dec-15 12:00:00 AM +00:00,12.54, Toss Noodle Bar,,
 07-Dec-15 12:00:00 AM +00:00,9.5, Project Juice,,
 07-Dec-15 12:00:00 AM +00:00,17.55, TARTINE LP,,
 07-Dec-15 12:00:00 AM +00:00,4, Mazarine Coffee,,
 07-Dec-15 12:00:00 AM +00:00,126.78, China Village Restaurant,,
 07-Dec-15 12:00:00 AM +00:00,39.34, Burma Superstar,,
 06-Dec-15 12:00:00 AM +00:00,33.32, Chabaa Thai Cuisine,,
 06-Dec-15 12:00:00 AM +00:00,3.5, Haus Coffee,,
 06-Dec-15 12:00:00 AM +00:00,8.43, Super Duper Burger,,
 06-Dec-15 12:00:00 AM +00:00,54.16, Lahore Karahi,,
 06-Dec-15 12:00:00 AM +00:00,8.43, Super Duper Burger,,
 04-Dec-15 12:00:00 AM +00:00,11.09, Whole Foods,,
 04-Dec-15 12:00:00 AM +00:00,2.5, Workshop Cafe,,
 04-Dec-15 12:00:00 AM +00:00,62.6, Smokestack,,
 04-Dec-15 12:00:00 AM +00:00,5.97, CVS,,
 04-Dec-15 12:00:00 AM +00:00,16.8, Coffee Bar Bryant Street,,
 04-Dec-15 12:00:00 AM +00:00,12.37, TERMINAL 1 STA32571572,,
 04-Dec-15 12:00:00 AM +00:00,10, Pera,,
 03-Dec-15 12:00:00 AM +00:00,4.35, AFFOGATO BAR @ SIGHTG,,
 03-Dec-15 12:00:00 AM +00:00,4.34, McDonalds,,
 01-Dec-15 12:00:00 AM +00:00,95, ANNUAL MEMBERSHIP FEE,,
