347.29 ||| 20-Sep-16 12:00:00 AM +00:00 ||| JPMorgan Chase Ext Trnsfr 160920 JUSTIN VINCENT
347.29 ||| 19-Aug-16 12:00:00 AM +00:00 ||| JPMorgan Chase Ext Trnsfr 160819 JUSTIN VINCENT
347.29 ||| 19-Jul-16 12:00:00 AM +00:00 ||| JPMorgan Chase Ext Trnsfr 160719 JUSTIN VINCENT
347.29 ||| 21-Jun-16 12:00:00 AM +00:00 ||| JPMorgan Chase Ext Trnsfr 160621 JUSTIN VINCENT
347.29 ||| 19-May-16 12:00:00 AM +00:00 ||| JPMorgan Chase Ext Trnsfr 160519 JUSTIN VINCENT
347.29 ||| 19-Apr-16 12:00:00 AM +00:00 ||| JPMorgan Chase Ext Trnsfr 160419 JUSTIN VINCENT
347.29 ||| 21-Mar-16 12:00:00 AM +00:00 ||| JPMorgan Chase Ext Trnsfr 160321 JUSTIN VINCENT
347.29 ||| 19-Feb-16 12:00:00 AM +00:00 ||| JPMorgan Chase Ext Trnsfr 160219 JUSTIN VINCENT

199.98 ||| 19-Sep-16 12:00:00 AM +00:00 ||| TOYOTA FINANCIAL RETAIL_PAY SEP 16 13085404081916 JUSTIN VINCENT
199.98 ||| 18-Aug-16 12:00:00 AM +00:00 ||| TOYOTA FINANCIAL RETAIL_PAY AUG 16 11316978071916 JUSTIN VINCENT
199.98 ||| 18-Jul-16 12:00:00 AM +00:00 ||| TOYOTA FINANCIAL RETAIL_PAY JUL 16 09577039061916 JUSTIN VINCENT
199.98 ||| 20-Jun-16 12:00:00 AM +00:00 ||| TOYOTA FINANCIAL RETAIL_PAY JUN 16 07821009051916 JUSTIN VINCENT
199.98 ||| 18-May-16 12:00:00 AM +00:00 ||| TOYOTA FINANCIAL RETAIL_PAY MAY 16 06085872041916 JUSTIN VINCENT
199.98 ||| 18-Apr-16 12:00:00 AM +00:00 ||| TOYOTA FINANCIAL RETAIL_PAY APR 16 04353093031916 JUSTIN VINCENT
199.98 ||| 18-Mar-16 12:00:00 AM +00:00 ||| TOYOTA FINANCIAL RETAIL_PAY MAR 16 02567842022116 JUSTIN VINCENT

347.29 ||| 19-Sep-16 12:00:00 AM +00:00 ||| BILL PAY CHASE AUTO FINAN RECURRINGxxxxxxxxx71606 ON 09-19
347.29 ||| 17-Aug-16 12:00:00 AM +00:00 ||| BILL PAY CHASE AUTO FINAN RECURRINGxxxxxxxxx71606 ON 08-17
347.29 ||| 19-Jul-16 12:00:00 AM +00:00 ||| BILL PAY CHASE AUTO FINAN RECURRINGxxxxxxxxx71606 ON 07-19
347.29 ||| 17-Jun-16 12:00:00 AM +00:00 ||| BILL PAY CHASE AUTO FINAN RECURRINGxxxxxxxxx71606 ON 06-17
347.29 ||| 17-May-16 12:00:00 AM +00:00 ||| BILL PAY CHASE AUTO FINAN RECURRINGxxxxxxxxx71606 ON 05-17
347.29 ||| 19-Apr-16 12:00:00 AM +00:00 ||| BILL PAY CHASE AUTO FINAN RECURRINGxxxxxxxxx71606 ON 04-19
347.29 ||| 17-Mar-16 12:00:00 AM +00:00 ||| BILL PAY CHASE AUTO FINAN RECURRINGxxxxxxxxx71606 ON 03-17
347.29 ||| 17-Feb-16 12:00:00 AM +00:00 ||| BILL PAY CHASE AUTO FINAN RECURRINGxxxxxxxxx71606 ON 02-17

75 ||| 15-Sep-16 12:00:00 AM +00:00 ||| RECURRING TRANSFER TO VINCENT J SAVINGS REF #OPECLX2H5Y XXXXXX6600
75 ||| 15-Aug-16 12:00:00 AM +00:00 ||| RECURRING TRANSFER TO VINCENT J SAVINGS REF #OPEXYWKZTM XXXXXX6600
75 ||| 15-Jul-16 12:00:00 AM +00:00 ||| RECURRING TRANSFER TO VINCENT J SAVINGS REF #OPE8P7VH3K XXXXXX6600
75 ||| 15-Jun-16 12:00:00 AM +00:00 ||| RECURRING TRANSFER TO VINCENT J SAVINGS REF #OPEV37WVWV XXXXXX6600
75 ||| 16-May-16 12:00:00 AM +00:00 ||| RECURRING TRANSFER TO VINCENT J SAVINGS REF #OPER5VCBGZ XXXXXX6600
75 ||| 15-Apr-16 12:00:00 AM +00:00 ||| RECURRING TRANSFER TO VINCENT J SAVINGS REF #OPECKCFNBW XXXXXX6600
75 ||| 15-Mar-16 12:00:00 AM +00:00 ||| RECURRING TRANSFER TO VINCENT J SAVINGS REF #OPEN86N374 XXXXXX6600
75 ||| 16-Feb-16 12:00:00 AM +00:00 ||| RECURRING TRANSFER TO VINCENT J SAVINGS REF #OPEGFS3RTP XXXXXX6600
75 ||| 15-Jan-16 12:00:00 AM +00:00 ||| RECURRING TRANSFER TO VINCENT J SAVINGS REF #OPEGFH5ZZ5 XXXXXX6600
75 ||| 15-Dec-15 12:00:00 AM +00:00 ||| RECURRING TRANSFER TO VINCENT J SAVINGS REF #OPETZDJSPV XXXXXX6600
75 ||| 16-Nov-15 12:00:00 AM +00:00 ||| RECURRING TRANSFER TO VINCENT J SAVINGS REF #OPECHTHSMD XXXXXX6600
75 ||| 15-Oct-15 12:00:00 AM +00:00 ||| RECURRING TRANSFER TO VINCENT J SAVINGS REF #OPE8LHBZCK XXXXXX6600
75 ||| 15-Sep-15 12:00:00 AM +00:00 ||| RECURRING TRANSFER TO VINCENT J SAVINGS REF #OPEK9CCXXQ XXXXXX6600
75 ||| 17-Aug-15 12:00:00 AM +00:00 ||| RECURRING TRANSFER TO VINCENT J SAVINGS REF #OPEXV8PYH5 XXXXXX6600
75 ||| 15-Jul-15 12:00:00 AM +00:00 ||| RECURRING TRANSFER TO VINCENT J SAVINGS REF #OPER2TQJJ7 XXXXXX6600
75 ||| 15-Jun-15 12:00:00 AM +00:00 ||| RECURRING TRANSFER TO VINCENT J SAVINGS REF #OPEN5HRDZP XXXXXX6600
75 ||| 15-May-15 12:00:00 AM +00:00 ||| RECURRING TRANSFER TO VINCENT J SAVINGS REF #OPEK85PF9P XXXXXX6600
75 ||| 15-Apr-15 12:00:00 AM +00:00 ||| RECURRING TRANSFER TO VINCENT J SAVINGS REF #OPETWZLSJ3 XXXXXX6600

-75 ||| 13-Sep-16 12:00:00 AM +00:00 ||| JPMorgan Chase Ext Trnsfr 160913 JV MULTIMEDIA INC
-75 ||| 12-Aug-16 12:00:00 AM +00:00 ||| JPMorgan Chase Ext Trnsfr 160812 JV MULTIMEDIA INC
-75 ||| 13-Jul-16 12:00:00 AM +00:00 ||| JPMorgan Chase Ext Trnsfr 160713 JV MULTIMEDIA INC
-75 ||| 13-Jun-16 12:00:00 AM +00:00 ||| JPMorgan Chase Ext Trnsfr 160613 JV MULTIMEDIA INC
-75 ||| 13-May-16 12:00:00 AM +00:00 ||| JPMorgan Chase Ext Trnsfr 160513 JV MULTIMEDIA INC
-75 ||| 13-Apr-16 12:00:00 AM +00:00 ||| JPMorgan Chase Ext Trnsfr 160413 JV MULTIMEDIA INC
-75 ||| 11-Mar-16 12:00:00 AM +00:00 ||| JPMorgan Chase Ext Trnsfr 160311 JV MULTIMEDIA INC
-75 ||| 12-Feb-16 12:00:00 AM +00:00 ||| JPMorgan Chase Ext Trnsfr 160212 JV MULTIMEDIA INC
-75 ||| 13-Jan-16 12:00:00 AM +00:00 ||| JPMorgan Chase Ext Trnsfr 160113 JV MULTIMEDIA INC
-75 ||| 11-Dec-15 12:00:00 AM +00:00 ||| JPMorgan Chase Ext Trnsfr 151211 JV MULTIMEDIA INC
-75 ||| 13-Nov-15 12:00:00 AM +00:00 ||| JPMorgan Chase Ext Trnsfr 151113 JV MULTIMEDIA INC
-75 ||| 13-Oct-15 12:00:00 AM +00:00 ||| JPMorgan Chase Ext Trnsfr 151013 JV MULTIMEDIA INC
-75 ||| 11-Sep-15 12:00:00 AM +00:00 ||| JPMorgan Chase Ext Trnsfr 150911 JV MULTIMEDIA INC
-75 ||| 13-Aug-15 12:00:00 AM +00:00 ||| JPMorgan Chase Ext Trnsfr 150813 JV MULTIMEDIA INC
-75 ||| 13-Jul-15 12:00:00 AM +00:00 ||| JPMorgan Chase Ext Trnsfr 150713 JV MULTIMEDIA INC
-75 ||| 12-Jun-15 12:00:00 AM +00:00 ||| JPMorgan Chase Ext Trnsfr 150612 JV MULTIMEDIA INC
-75 ||| 13-May-15 12:00:00 AM +00:00 ||| JPMorgan Chase Ext Trnsfr 150513 JV MULTIMEDIA INC
-75 ||| 13-Apr-15 12:00:00 AM +00:00 ||| JPMorgan Chase Ext Trnsfr 150413 JV MULTIMEDIA INC

15 ||| 07-Sep-16 12:00:00 AM +00:00 ||| MONTHLY SERVICE FEE
15 ||| 04-Aug-16 12:00:00 AM +00:00 ||| MONTHLY SERVICE FEE
15 ||| 07-Jul-16 12:00:00 AM +00:00 ||| MONTHLY SERVICE FEE
15 ||| 06-Jun-16 12:00:00 AM +00:00 ||| MONTHLY SERVICE FEE
15 ||| 05-May-16 12:00:00 AM +00:00 ||| MONTHLY SERVICE FEE
13 ||| 06-Apr-16 12:00:00 AM +00:00 ||| MONTHLY SERVICE FEE
13 ||| 04-Mar-16 12:00:00 AM +00:00 ||| MONTHLY SERVICE FEE
13 ||| 04-Feb-16 12:00:00 AM +00:00 ||| MONTHLY SERVICE FEE
13 ||| 07-Jan-16 12:00:00 AM +00:00 ||| MONTHLY SERVICE FEE
13 ||| 04-Dec-15 12:00:00 AM +00:00 ||| MONTHLY SERVICE FEE
13 ||| 05-Nov-15 12:00:00 AM +00:00 ||| MONTHLY SERVICE FEE
13 ||| 06-Oct-15 12:00:00 AM +00:00 ||| MONTHLY SERVICE FEE

5 ||| 06-Sep-16 12:00:00 AM +00:00 ||| Recurring Payment - FOCUSOUT FOCUSOUT.CO
5 ||| 04-Aug-16 12:00:00 AM +00:00 ||| Recurring Payment - FOCUSOUT FOCUSOUT.CO
5 ||| 05-Jul-16 12:00:00 AM +00:00 ||| Recurring Payment - FOCUSOUT FOCUSOUT.CO
5 ||| 06-Jun-16 12:00:00 AM +00:00 ||| Recurring Payment - FOCUSOUT FOCUSOUT.CO
5 ||| 04-May-16 12:00:00 AM +00:00 ||| Recurring Payment - FOCUSOUT HTTPFOCUSOUT.

255 ||| 27-Jul-16 12:00:00 AM +00:00 ||| THE PERFECT WORKOU
255 ||| 27-Jun-16 12:00:00 AM +00:00 ||| THE PERFECT WORKOU
255 ||| 31-May-16 12:00:00 AM +00:00 ||| THE PERFECT WORKOU
255 ||| 28-Apr-16 12:00:00 AM +00:00 ||| THE PERFECT WORKOU

34.99 ||| 06-Apr-16 12:00:00 AM +00:00 ||| Recurring Payment - 24HOUR FITNESS USA
34.99 ||| 07-Mar-16 12:00:00 AM +00:00 ||| Recurring Payment - 24HOUR FITNESS USA
34.99 ||| 08-Feb-16 12:00:00 AM +00:00 ||| Recurring Payment - 24HOUR FITNESS USA
34.99 ||| 06-Jan-16 12:00:00 AM +00:00 ||| Recurring Payment - 24HOUR FITNESS USA

59.99 ||| 15-Mar-16 12:00:00 AM +00:00 ||| Recurring Payment - CHARTER COMMUNICAT
59.99 ||| 16-Feb-16 12:00:00 AM +00:00 ||| Recurring Payment - CHARTER COMMUNICAT
59.99 ||| 13-Jan-16 12:00:00 AM +00:00 ||| Recurring Payment - CHARTER COMMUNICAT
59.99 ||| 14-Dec-15 12:00:00 AM +00:00 ||| Recurring Payment - CHARTER COMMUNICAT
59.99 ||| 13-Nov-15 12:00:00 AM +00:00 ||| Recurring Payment - CHARTER COMMUNICAT

25 ||| 09-Oct-15 12:00:00 AM +00:00 ||| Recurring Payment - GITHUB.COM 6RZ70
25 ||| 10-Aug-15 12:00:00 AM +00:00 ||| Recurring Payment - GITHUB.COM 6RZ70
25 ||| 09-Jul-15 12:00:00 AM +00:00 ||| Recurring Payment - GITHUB.COM 6RZ70
25 ||| 09-Jun-15 12:00:00 AM +00:00 ||| Recurring Payment - GITHUB.COM 6RZ70
25 ||| 11-May-15 12:00:00 AM +00:00 ||| Recurring Payment - GITHUB.COM 6RZ70
25 ||| 09-Apr-15 12:00:00 AM +00:00 ||| Recurring Payment - GH GITHUB.COM 6R

44.03 ||| 15-Sep-16 12:00:00 AM +00:00 ||| Recurring Payment - DOORDASH.COM
33.7 ||| 15-Sep-16 12:00:00 AM +00:00 ||| Recurring Payment - DOORDASH.COM
38.26 ||| 12-Sep-16 12:00:00 AM +00:00 ||| Recurring Payment - DOORDASH.COM
41.56 ||| 09-Sep-16 12:00:00 AM +00:00 ||| Recurring Payment - DOORDASH.COM
55.01 ||| 07-Sep-16 12:00:00 AM +00:00 ||| Recurring Payment - DOORDASH.COM
46.14 ||| 06-Sep-16 12:00:00 AM +00:00 ||| Recurring Payment - DOORDASH.COM
37.9 ||| 01-Sep-16 12:00:00 AM +00:00 ||| Recurring Payment - DOORDASH.COM
31.12 ||| 29-Aug-16 12:00:00 AM +00:00 ||| Recurring Payment - DOORDASH.COM
36.92 ||| 29-Aug-16 12:00:00 AM +00:00 ||| Recurring Payment - DOORDASH.COM
14.52 ||| 29-Aug-16 12:00:00 AM +00:00 ||| Recurring Payment - DOORDASH.COM
35.7 ||| 24-Aug-16 12:00:00 AM +00:00 ||| Recurring Payment - DOORDASH.COM
66.22 ||| 22-Aug-16 12:00:00 AM +00:00 ||| Recurring Payment - DOORDASH.COM
22.69 ||| 19-Aug-16 12:00:00 AM +00:00 ||| Recurring Payment - DOORDASH.COM
28.81 ||| 15-Aug-16 12:00:00 AM +00:00 ||| Recurring Payment - DOORDASH.COM
25.22 ||| 11-Aug-16 12:00:00 AM +00:00 ||| Recurring Payment - DOORDASH.COM
30.83 ||| 10-Aug-16 12:00:00 AM +00:00 ||| Recurring Payment - DOORDASH.COM
30.83 ||| 09-Aug-16 12:00:00 AM +00:00 ||| Recurring Payment - DOORDASH.COM
27.4 ||| 08-Aug-16 12:00:00 AM +00:00 ||| Recurring Payment - DOORDASH.COM
38.4 ||| 04-Aug-16 12:00:00 AM +00:00 ||| Recurring Payment - DOORDASH.COM
29.83 ||| 01-Aug-16 12:00:00 AM +00:00 ||| Recurring Payment - DOORDASH.COM
19.95 ||| 01-Aug-16 12:00:00 AM +00:00 ||| Recurring Payment - DOORDASH.COM
18.54 ||| 28-Jul-16 12:00:00 AM +00:00 ||| Recurring Payment - DOORDASH.COM
64.04 ||| 26-Jul-16 12:00:00 AM +00:00 ||| Recurring Payment - DOORDASH.COM
25.76 ||| 25-Jul-16 12:00:00 AM +00:00 ||| Recurring Payment - DOORDASH.COM
37.69 ||| 25-Jul-16 12:00:00 AM +00:00 ||| Recurring Payment - DOORDASH.COM
15.86 ||| 25-Jul-16 12:00:00 AM +00:00 ||| Recurring Payment - DOORDASH.COM
31.29 ||| 25-Jul-16 12:00:00 AM +00:00 ||| Recurring Payment - DOORDASH.COM
68.72 ||| 18-Jul-16 12:00:00 AM +00:00 ||| Recurring Payment - DOORDASH.COM
51.64 ||| 05-Jul-16 12:00:00 AM +00:00 ||| Recurring Payment - DOORDASH.COM
49.68 ||| 13-Jun-16 12:00:00 AM +00:00 ||| Recurring Payment - DOORDASH.COM
32.68 ||| 13-Jun-16 12:00:00 AM +00:00 ||| Recurring Payment - DOORDASH.COM
49.68 ||| 06-Jun-16 12:00:00 AM +00:00 ||| Recurring Payment - DOORDASH.COM
27.59 ||| 31-May-16 12:00:00 AM +00:00 ||| Recurring Payment - DOORDASH.COM
45.97 ||| 25-May-16 12:00:00 AM +00:00 ||| Recurring Payment - DOORDASH.COM
46.83 ||| 23-May-16 12:00:00 AM +00:00 ||| Recurring Payment - DOORDASH.COM
30.77 ||| 23-May-16 12:00:00 AM +00:00 ||| Recurring Payment - DOORDASH.COM
33.23 ||| 19-May-16 12:00:00 AM +00:00 ||| Recurring Payment - DOORDASH.COM
26.83 ||| 19-May-16 12:00:00 AM +00:00 ||| Recurring Payment - DOORDASH.COM
46.83 ||| 16-May-16 12:00:00 AM +00:00 ||| Recurring Payment - DOORDASH.COM
47.35 ||| 12-May-16 12:00:00 AM +00:00 ||| Recurring Payment - DOORDASH.COM
40.95 ||| 11-May-16 12:00:00 AM +00:00 ||| Recurring Payment - DOORDASH.COM
27.83 ||| 11-May-16 12:00:00 AM +00:00 ||| Recurring Payment - DOORDASH.COM
31.43 ||| 09-May-16 12:00:00 AM +00:00 ||| Recurring Payment - DOORDASH.COM
27.83 ||| 02-May-16 12:00:00 AM +00:00 ||| Recurring Payment - DOORDASH.COM
61.17 ||| 25-Apr-16 12:00:00 AM +00:00 ||| Recurring Payment - DOORDASH.COM
79.84 ||| 22-Apr-16 12:00:00 AM +00:00 ||| Recurring Payment - DOORDASH.COM
10.53 ||| 14-Sep-15 12:00:00 AM +00:00 ||| Recurring Payment - TWILIO
8.6 ||| 12-Aug-15 12:00:00 AM +00:00 ||| Recurring Payment - LYTE
26.64 ||| 27-Jul-15 12:00:00 AM +00:00 ||| Recurring Payment - LYTE
15 ||| 27-Jul-15 12:00:00 AM +00:00 ||| Recurring Payment - LYTE
9.37 ||| 24-Jul-15 12:00:00 AM +00:00 ||| Recurring Payment - LYTE
2 ||| 28-Apr-15 12:00:00 AM +00:00 ||| Recurring Payment - INSTACART
274.94 ||| 21-Apr-15 12:00:00 AM +00:00 ||| Recurring Payment - YOURMECHANIC.COM
60 ||| 10-Apr-15 12:00:00 AM +00:00 ||| Recurring Payment - YOURMECHANIC.COM

-4003.78 ||| 31-Aug-16 12:00:00 AM +00:00 ||| Digedu payroll 160901 13 Vincent Justin
-4003.78 ||| 29-Jul-16 12:00:00 AM +00:00 ||| Digedu payroll 160801 13 Vincent Justin
-4003.78 ||| 30-Jun-16 12:00:00 AM +00:00 ||| Digedu payroll 160701 13 Vincent Justin
-4003.78 ||| 31-May-16 12:00:00 AM +00:00 ||| Digedu payroll 160601 13 Vincent Justin
-4003.78 ||| 29-Apr-16 12:00:00 AM +00:00 ||| Digedu payroll 160501 13 Vincent Justin
-4003.78 ||| 31-Mar-16 12:00:00 AM +00:00 ||| Digedu payroll 160401 13 Vincent Justin
-4025.27 ||| 29-Feb-16 12:00:00 AM +00:00 ||| Digedu payroll 160301 13 Vincent Justin
-4025.27 ||| 29-Jan-16 12:00:00 AM +00:00 ||| Digedu payroll 160201 13 Vincent Justin
-4435.4 ||| 31-Dec-15 12:00:00 AM +00:00 ||| Digedu payroll 160101 13 Vincent Justin
-4435.4 ||| 30-Nov-15 12:00:00 AM +00:00 ||| Digedu payroll 151201 13 Vincent Justin
-4072.79 ||| 30-Oct-15 12:00:00 AM +00:00 ||| Digedu payroll 151028 13 Vincent Justin
-4030.71 ||| 30-Sep-15 12:00:00 AM +00:00 ||| Digedu payroll 150928 13 Vincent Justin
-4020.15 ||| 31-Aug-15 12:00:00 AM +00:00 ||| Digedu payroll 150827 13 Vincent Justin
-4020.15 ||| 31-Jul-15 12:00:00 AM +00:00 ||| Digedu payroll 150729 13 Vincent Justin
-4020.15 ||| 30-Jun-15 12:00:00 AM +00:00 ||| Digedu payroll 150626 13 Vincent Justin
-4020.15 ||| 29-May-15 12:00:00 AM +00:00 ||| Digedu payroll 150601 13 Vincent Justin
-4020.15 ||| 30-Apr-15 12:00:00 AM +00:00 ||| Digedu payroll 150428 13 Vincent Justin
-4020.15 ||| 31-Mar-15 12:00:00 AM +00:00 ||| Digedu payroll 150327 13 Vincent Justin

Groups of two
33.3 ||| 12-Sep-16 12:00:00 AM +00:00 ||| VEGGIE GRILL PDA
35.57 ||| 15-Aug-16 12:00:00 AM +00:00 ||| VEGGIE GRILL PDA

6.42 ||| 31-Mar-16 12:00:00 AM +00:00 ||| YOGURTLAND CA-270
11.86 ||| 01-Mar-16 12:00:00 AM +00:00 ||| YOGURTLAND CA-270

39.95 ||| 23-Feb-16 12:00:00 AM +00:00 ||| Recurring Payment - EASYDNS.COM CD
19.95 ||| 14-Oct-15 12:00:00 AM +00:00 ||| Recurring Payment - EASYDNS.COM CD

7 ||| 10-Nov-15 12:00:00 AM +00:00 ||| Unified Valet #1
7 ||| 13-Oct-15 12:00:00 AM +00:00 ||| Unified Valet #1

67.61 ||| 21-May-15 12:00:00 AM +00:00 ||| Mijares Mexican Restaurant
64.67 ||| 23-Apr-15 12:00:00 AM +00:00 ||| Mijares Mexican Restaurant

114.45 ||| 28-Apr-15 12:00:00 AM +00:00 ||| Recurring Payment - TOMMY JOHN
79.45 ||| 09-Apr-15 12:00:00 AM +00:00 ||| Recurring Payment - TOMMY JOHN

